#ID;TIME;DOSE;ADDL;II;Y;YTYPE;CENS;CELL LINE;DOSE GROUP;DOSECAT;DRUG;DRUGCAT;EXPERIMENT;BW;YTV;KA;V;KE;w0;I
4;0;.;.;.;113.1325;2;.;1;6.25;6.25;2;2;2;29.7;.;55;1.403;4.1328;113.1325;0.0077169
4;3;187.5;.;.;.;.;.;1;6.25;6.25;2;2;2;30.1;.;55;1.403;4.1328;113.1325;0.0077169
4;4;181.25;2;1;.;.;.;1;6.25;6.25;2;2;2;29;.;55;1.403;4.1328;113.1325;0.0077169
4;7;181.25;1;1;.;.;.;1;6.25;6.25;2;2;2;29.1;.;55;1.403;4.1328;113.1325;0.0077169
4;9;181.25;1;1;.;.;.;1;6.25;6.25;2;2;2;29.3;.;55;1.403;4.1328;113.1325;0.0077169
4;11;168.75;2;1;.;.;.;1;6.25;6.25;2;2;2;26.6;.;55;1.403;4.1328;113.1325;0.0077169
4;14;175;1;1;.;.;.;1;6.25;6.25;2;2;2;27.6;.;55;1.403;4.1328;113.1325;0.0077169
4;16;175;.;.;.;.;.;1;6.25;6.25;2;2;2;27.6;.;55;1.403;4.1328;113.1325;0.0077169
4;30;.;.;.;535;2;.;1;6.25;6.25;2;2;2;28.5;535;55;1.403;4.1328;113.1325;0.0077169
4;28;.;.;.;451.25;2;.;1;6.25;6.25;2;2;2;29.3;451.25;55;1.403;4.1328;113.1325;0.0077169
4;25;.;.;.;393.576;2;.;1;6.25;6.25;2;2;2;27.5;393.576;55;1.403;4.1328;113.1325;0.0077169
4;23;.;.;.;372.6;2;.;1;6.25;6.25;2;2;2;27.8;372.6;55;1.403;4.1328;113.1325;0.0077169
4;21;.;.;.;352.4845;2;.;1;6.25;6.25;2;2;2;28.6;352.4845;55;1.403;4.1328;113.1325;0.0077169
4;18;.;.;.;329.2515;2;.;1;6.25;6.25;2;2;2;27.5;329.2515;55;1.403;4.1328;113.1325;0.0077169
4;16;.;.;.;244.6875;2;.;1;6.25;6.25;2;2;2;27.6;244.6875;55;1.403;4.1328;113.1325;0.0077169
4;11;.;.;.;205.1665;2;.;1;6.25;6.25;2;2;2;26.6;205.1665;55;1.403;4.1328;113.1325;0.0077169
4;14;.;.;.;205.1665;2;.;1;6.25;6.25;2;2;2;27.6;205.1665;55;1.403;4.1328;113.1325;0.0077169
4;9;.;.;.;186.517;2;.;1;6.25;6.25;2;2;2;29.3;186.517;55;1.403;4.1328;113.1325;0.0077169
4;7;.;.;.;181.3;2;.;1;6.25;6.25;2;2;2;29.1;181.3;55;1.403;4.1328;113.1325;0.0077169
4;4;.;.;.;130.235;2;.;1;6.25;6.25;2;2;2;29;130.235;55;1.403;4.1328;113.1325;0.0077169
4;2;.;.;.;126.514;2;.;1;6.25;6.25;2;2;2;30.1;126.514;55;1.403;4.1328;113.1325;0.0077169
6;0;.;.;.;68.75;2;.;1;100;100;1;1;2;24.2;.;55;0.13878;7.673;68.75;0
6;3;2450;.;.;.;.;.;1;100;100;1;1;2;24.7;.;55;0.13878;7.673;68.75;0
6;4;2350;2;1;.;.;.;1;100;100;1;1;2;23.6;.;55;0.13878;7.673;68.75;0
6;7;2100;1;1;.;.;.;1;100;100;1;1;2;21.2;.;55;0.13878;7.673;68.75;0
6;14;2300;1;1;.;.;.;1;100;100;1;1;2;23;.;55;0.13878;7.673;68.75;0
6;16;2100;.;.;.;.;.;1;100;100;1;1;2;21.1;.;55;0.13878;7.673;68.75;0
6;30;.;.;.;219.375;2;.;1;100;100;1;1;2;24.9;219.375;55;0.13878;7.673;68.75;0
6;28;.;.;.;189.0375;2;.;1;100;100;1;1;2;25;189.0375;55;0.13878;7.673;68.75;0
6;25;.;.;.;139.264;2;.;1;100;100;1;1;2;25.3;139.264;55;0.13878;7.673;68.75;0
6;4;.;.;.;115.351;2;.;1;100;100;1;1;2;23.6;115.351;55;0.13878;7.673;68.75;0
6;23;.;.;.;90.944;2;.;1;100;100;1;1;2;23.7;90.944;55;0.13878;7.673;68.75;0
6;2;.;.;.;75.429;2;.;1;100;100;1;1;2;24.7;75.429;55;0.13878;7.673;68.75;0
6;21;.;.;.;60.025;2;.;1;100;100;1;1;2;24;60.025;55;0.13878;7.673;68.75;0
6;16;.;.;.;46.464;2;.;1;100;100;1;1;2;21.1;46.464;55;0.13878;7.673;68.75;0
6;18;.;.;.;45.496;2;.;1;100;100;1;1;2;20.4;45.496;55;0.13878;7.673;68.75;0
6;14;.;.;.;44.982;2;.;1;100;100;1;1;2;23;44.982;55;0.13878;7.673;68.75;0
6;7;.;.;.;34.2225;2;.;1;100;100;1;1;2;21.2;34.2225;55;0.13878;7.673;68.75;0
6;9;.;.;.;10.3125;2;.;1;100;100;1;1;2;19;10.3125;55;0.13878;7.673;68.75;0
6;11;.;.;.;9.464;2;.;1;100;100;1;1;2;19.5;9.464;55;0.13878;7.673;68.75;0
11;3;3300;.;.;.;.;.;1;100;100;1;1;2;32.9;.;55;0.127;7.56;343.914;0
11;4;3100;2;1;.;.;.;1;100;100;1;1;2;31.2;.;55;0.127;7.56;343.914;0
11;7;2900;1;1;.;.;.;1;100;100;1;1;2;28.8;.;55;0.127;7.56;343.914;0
11;0;.;.;.;343.914;2;.;1;100;100;1;1;2;33;.;55;0.127;7.56;343.914;0
11;4;.;.;.;481.562;2;.;1;100;100;1;1;2;31.2;481.562;55;0.127;7.56;343.914;0
11;2;.;.;.;382.925;2;.;1;100;100;1;1;2;32.9;382.925;55;0.127;7.56;343.914;0
11;7;.;.;.;244.6875;2;.;1;100;100;1;1;2;28.8;244.6875;55;0.127;7.56;343.914;0
11;9;.;.;.;109.6515;2;.;1;100;100;1;1;2;25.1;109.6515;55;0.127;7.56;343.914;0
11;11;.;.;.;85.6745;2;.;1;100;100;1;1;2;23.8;85.6745;55;0.127;7.56;343.914;0
15;0;.;.;.;121.104;2;.;1;100;100;2;2;2;27.6;.;55;1.4135;4.5452;121.104;0.0077169
15;3;2800;.;.;.;.;.;1;100;100;2;2;2;27.7;.;55;1.4135;4.5452;121.104;0.0077169
15;4;2700;2;1;.;.;.;1;100;100;2;2;2;26.6;.;55;1.4135;4.5452;121.104;0.0077169
15;7;2600;1;1;.;.;.;1;100;100;2;2;2;25.8;.;55;1.4135;4.5452;121.104;0.0077169
15;9;2600;1;1;.;.;.;1;100;100;2;2;2;25.9;.;55;1.4135;4.5452;121.104;0.0077169
15;11;2400;2;1;.;.;.;1;100;100;2;2;2;24.3;.;55;1.4135;4.5452;121.104;0.0077169
15;14;2300;1;1;.;.;.;1;100;100;2;2;2;23.1;.;55;1.4135;4.5452;121.104;0.0077169
15;16;2100;.;.;.;.;.;1;100;100;2;2;2;21.1;.;55;1.4135;4.5452;121.104;0.0077169
15;30;.;.;.;537.464;2;.;1;100;100;2;2;2;26;537.464;55;1.4135;4.5452;121.104;0.0077169
15;28;.;.;.;326.095;2;.;1;100;100;2;2;2;26.2;326.095;55;1.4135;4.5452;121.104;0.0077169
15;4;.;.;.;252.05;2;.;1;100;100;2;2;2;26.6;252.05;55;1.4135;4.5452;121.104;0.0077169
15;25;.;.;.;220.5;2;.;1;100;100;2;2;2;26.3;220.5;55;1.4135;4.5452;121.104;0.0077169
15;2;.;.;.;209.484;2;.;1;100;100;2;2;2;27.7;209.484;55;1.4135;4.5452;121.104;0.0077169
15;7;.;.;.;198.45;2;.;1;100;100;2;2;2;25.8;198.45;55;1.4135;4.5452;121.104;0.0077169
15;23;.;.;.;161.604;2;.;1;100;100;2;2;2;25.7;161.604;55;1.4135;4.5452;121.104;0.0077169
15;9;.;.;.;105.056;2;.;1;100;100;2;2;2;25.9;105.056;55;1.4135;4.5452;121.104;0.0077169
15;11;.;.;.;81.648;2;.;1;100;100;2;2;2;24.3;81.648;55;1.4135;4.5452;121.104;0.0077169
15;21;.;.;.;71.656;2;.;1;100;100;2;2;2;25;71.656;55;1.4135;4.5452;121.104;0.0077169
15;14;.;.;.;38.4;2;.;1;100;100;2;2;2;23.1;38.4;55;1.4135;4.5452;121.104;0.0077169
15;18;.;.;.;38.4;2;.;1;100;100;2;2;2;22.4;38.4;55;1.4135;4.5452;121.104;0.0077169
15;16;.;.;.;27.5625;2;.;1;100;100;2;2;2;21.1;27.5625;55;1.4135;4.5452;121.104;0.0077169
22;0;.;.;.;150.3815;2;.;1;100;100;2;2;2;25.2;.;55;1.3966;2.3789;150.3815;0.0077169
22;3;2600;.;.;.;.;.;1;100;100;2;2;2;25.7;.;55;1.3966;2.3789;150.3815;0.0077169
22;4;2500;2;1;.;.;.;1;100;100;2;2;2;24.7;.;55;1.3966;2.3789;150.3815;0.0077169
22;7;2400;1;1;.;.;.;1;100;100;2;2;2;24;.;55;1.3966;2.3789;150.3815;0.0077169
22;9;2400;1;1;.;.;.;1;100;100;2;2;2;24.4;.;55;1.3966;2.3789;150.3815;0.0077169
22;11;2300;2;1;.;.;.;1;100;100;2;2;2;22.8;.;55;1.3966;2.3789;150.3815;0.0077169
22;14;2200;1;1;.;.;.;1;100;100;2;2;2;22.4;.;55;1.3966;2.3789;150.3815;0.0077169
22;16;2200;.;.;.;.;.;1;100;100;2;2;2;21.6;.;55;1.3966;2.3789;150.3815;0.0077169
22;4;.;.;.;321.048;2;.;1;100;100;2;2;2;24.7;321.048;55;1.3966;2.3789;150.3815;0.0077169
22;2;.;.;.;299.6715;2;.;1;100;100;2;2;2;25.7;299.6715;55;1.3966;2.3789;150.3815;0.0077169
22;30;.;.;.;233.289;2;.;1;100;100;2;2;2;25.4;233.289;55;1.3966;2.3789;150.3815;0.0077169
22;28;.;.;.;194.481;2;.;1;100;100;2;2;2;25.1;194.481;55;1.3966;2.3789;150.3815;0.0077169
22;25;.;.;.;149.916;2;.;1;100;100;2;2;2;23.9;149.916;55;1.3966;2.3789;150.3815;0.0077169
22;7;.;.;.;129.96;2;.;1;100;100;2;2;2;24;129.96;55;1.3966;2.3789;150.3815;0.0077169
22;9;.;.;.;68.479;2;.;1;100;100;2;2;2;24.4;68.479;55;1.3966;2.3789;150.3815;0.0077169
22;23;.;.;.;64.538;2;.;1;100;100;2;2;2;23.4;64.538;55;1.3966;2.3789;150.3815;0.0077169
22;11;.;.;.;50.8475;2;.;1;100;100;2;2;2;22.8;50.8475;55;1.3966;2.3789;150.3815;0.0077169
22;21;.;.;.;30.42;2;.;1;100;100;2;2;2;23.4;30.42;55;1.3966;2.3789;150.3815;0.0077169
22;14;.;.;.;19.456;2;.;1;100;100;2;2;2;22.4;19.456;55;1.3966;2.3789;150.3815;0.0077169
24;0;.;.;.;83.824;2;.;1;100;100;2;2;2;27.6;.;55;1.4059;2.653;83.824;0.0077169
24;3;2800;.;.;.;.;.;1;100;100;2;2;2;27.6;.;55;1.4059;2.653;83.824;0.0077169
24;4;2700;2;1;.;.;.;1;100;100;2;2;2;26.7;.;55;1.4059;2.653;83.824;0.0077169
24;7;2600;1;1;.;.;.;1;100;100;2;2;2;26.1;.;55;1.4059;2.653;83.824;0.0077169
24;9;2700;1;1;.;.;.;1;100;100;2;2;2;26.9;.;55;1.4059;2.653;83.824;0.0077169
24;11;2600;2;1;.;.;.;1;100;100;2;2;2;26;.;55;1.4059;2.653;83.824;0.0077169
24;14;2500;1;1;.;.;.;1;100;100;2;2;2;25.4;.;55;1.4059;2.653;83.824;0.0077169
24;16;2500;.;.;.;.;.;1;100;100;2;2;2;25.2;.;55;1.4059;2.653;83.824;0.0077169
24;30;.;.;.;173.4;2;.;1;100;100;2;2;2;28.3;173.4;55;1.4059;2.653;83.824;0.0077169
24;4;.;.;.;152.626;2;.;1;100;100;2;2;2;26.7;152.626;55;1.4059;2.653;83.824;0.0077169
24;28;.;.;.;141.312;2;.;1;100;100;2;2;2;28.6;141.312;55;1.4059;2.653;83.824;0.0077169
24;2;.;.;.;117;2;.;1;100;100;2;2;2;27.6;117;55;1.4059;2.653;83.824;0.0077169
24;7;.;.;.;76.7295;2;.;1;100;100;2;2;2;26.1;76.7295;55;1.4059;2.653;83.824;0.0077169
24;25;.;.;.;66.25;2;.;1;100;100;2;2;2;27.6;66.25;55;1.4059;2.653;83.824;0.0077169
24;9;.;.;.;64.512;2;.;1;100;100;2;2;2;26.9;64.512;55;1.4059;2.653;83.824;0.0077169
24;23;.;.;.;40.678;2;.;1;100;100;2;2;2;26.2;40.678;55;1.4059;2.653;83.824;0.0077169
24;11;.;.;.;34.656;2;.;1;100;100;2;2;2;26;34.656;55;1.4059;2.653;83.824;0.0077169
24;21;.;.;.;17.298;2;.;1;100;100;2;2;2;26.9;17.298;55;1.4059;2.653;83.824;0.0077169
24;14;.;.;.;10;2;.;1;100;100;2;2;2;25.4;10;55;1.4059;2.653;83.824;0.0077169
25;0;.;.;.;66.25;2;.;1;100;100;2;2;2;25.2;.;55;1.404;3.9103;66.25;0.0077169
25;3;2500;.;.;.;.;.;1;100;100;2;2;2;25;.;55;1.404;3.9103;66.25;0.0077169
25;4;2400;2;1;.;.;.;1;100;100;2;2;2;24.3;.;55;1.404;3.9103;66.25;0.0077169
25;7;2400;1;1;.;.;.;1;100;100;2;2;2;23.7;.;55;1.404;3.9103;66.25;0.0077169
25;9;2400;1;1;.;.;.;1;100;100;2;2;2;24.1;.;55;1.404;3.9103;66.25;0.0077169
25;11;2300;2;1;.;.;.;1;100;100;2;2;2;22.8;.;55;1.404;3.9103;66.25;0.0077169
25;14;2500;1;1;.;.;.;1;100;100;2;2;2;24.6;.;55;1.404;3.9103;66.25;0.0077169
25;16;2300;.;.;.;.;.;1;100;100;2;2;2;23.4;.;55;1.404;3.9103;66.25;0.0077169
25;30;.;.;.;107.911;2;.;1;100;100;2;2;2;26.6;107.911;55;1.404;3.9103;66.25;0.0077169
25;4;.;.;.;92.512;2;.;1;100;100;2;2;2;24.3;92.512;55;1.404;3.9103;66.25;0.0077169
25;2;.;.;.;75.712;2;.;1;100;100;2;2;2;25;75.712;55;1.404;3.9103;66.25;0.0077169
25;28;.;.;.;60.306;2;.;1;100;100;2;2;2;26.5;60.306;55;1.404;3.9103;66.25;0.0077169
25;25;.;.;.;55.176;2;.;1;100;100;2;2;2;26.1;55.176;55;1.404;3.9103;66.25;0.0077169
25;7;.;.;.;40.572;2;.;1;100;100;2;2;2;23.7;40.572;55;1.404;3.9103;66.25;0.0077169
25;23;.;.;.;39.2;2;.;1;100;100;2;2;2;25.1;39.2;55;1.404;3.9103;66.25;0.0077169
25;9;.;.;.;33.212;2;.;1;100;100;2;2;2;24.1;33.212;55;1.404;3.9103;66.25;0.0077169
25;21;.;.;.;23.275;2;.;1;100;100;2;2;2;25.3;23.275;55;1.404;3.9103;66.25;0.0077169
25;11;.;.;.;17.1;2;.;1;100;100;2;2;2;22.8;17.1;55;1.404;3.9103;66.25;0.0077169
25;14;.;.;.;10.625;2;.;1;100;100;2;2;2;24.6;10.625;55;1.404;3.9103;66.25;0.0077169
28;3;2450;.;.;.;.;.;1;100;100;1;1;2;24.4;.;55;0.12956;7.6169;62.9565;0
28;4;2350;2;1;.;.;.;1;100;100;1;1;2;23.5;.;55;0.12956;7.6169;62.9565;0
28;7;2100;1;1;.;.;.;1;100;100;1;1;2;21;.;55;0.12956;7.6169;62.9565;0
28;14;2350;1;1;.;.;.;1;100;100;1;1;2;23.4;.;55;0.12956;7.6169;62.9565;0
28;16;2250;.;.;.;.;.;1;100;100;1;1;2;22.3;.;55;0.12956;7.6169;62.9565;0
28;0;.;.;.;62.9565;2;.;1;100;100;1;1;2;24.3;.;55;0.12956;7.6169;62.9565;0
28;28;.;.;.;316.894;2;.;1;100;100;1;1;2;24.8;316.894;55;0.12956;7.6169;62.9565;0
28;30;.;.;.;294.4;2;.;1;100;100;1;1;2;25.3;294.4;55;0.12956;7.6169;62.9565;0
28;25;.;.;.;207.36;2;.;1;100;100;1;1;2;26.4;207.36;55;0.12956;7.6169;62.9565;0
28;4;.;.;.;157.696;2;.;1;100;100;1;1;2;23.5;157.696;55;0.12956;7.6169;62.9565;0
28;23;.;.;.;119.164;2;.;1;100;100;1;1;2;25.9;119.164;55;0.12956;7.6169;62.9565;0
28;2;.;.;.;112.694;2;.;1;100;100;1;1;2;24.4;112.694;55;0.12956;7.6169;62.9565;0
28;7;.;.;.;43.4515;2;.;1;100;100;1;1;2;21;43.4515;55;0.12956;7.6169;62.9565;0
28;14;.;.;.;28.0645;2;.;1;100;100;1;1;2;23.4;28.0645;55;0.12956;7.6169;62.9565;0
28;11;.;.;.;18.513;2;.;1;100;100;1;1;2;19.8;18.513;55;0.12956;7.6169;62.9565;0
28;21;.;.;.;17.92;2;.;1;100;100;1;1;2;27.2;17.92;55;0.12956;7.6169;62.9565;0
28;9;.;.;.;16.2;2;.;1;100;100;1;1;2;19.8;16.2;55;0.12956;7.6169;62.9565;0
28;16;.;.;.;13.328;2;.;1;100;100;1;1;2;22.3;13.328;55;0.12956;7.6169;62.9565;0
31;0;.;.;.;164.152;2;.;1;6.25;6.25;1;1;2;27;.;55;0.1286;7.6523;164.152;0
31;3;131.25;.;.;.;.;.;1;6.25;6.25;1;1;2;21.1;.;55;0.1286;7.6523;164.152;0
31;4;156.25;2;1;.;.;.;1;6.25;6.25;1;1;2;25.4;.;55;0.1286;7.6523;164.152;0
31;7;162.5;1;1;.;.;.;1;6.25;6.25;1;1;2;25.5;.;55;0.1286;7.6523;164.152;0
31;9;168.75;1;1;.;.;.;1;6.25;6.25;1;1;2;26.8;.;55;0.1286;7.6523;164.152;0
31;11;156.25;2;1;.;.;.;1;6.25;6.25;1;1;2;25.3;.;55;0.1286;7.6523;164.152;0
31;14;168.75;1;1;.;.;.;1;6.25;6.25;1;1;2;26.6;.;55;0.1286;7.6523;164.152;0
31;16;175;.;.;.;.;.;1;6.25;6.25;1;1;2;27.8;.;55;0.1286;7.6523;164.152;0
31;23;.;.;.;2056.392;2;.;1;6.25;6.25;1;1;2;27.7;2056.392;55;0.1286;7.6523;164.152;0
31;21;.;.;.;1617.408;2;.;1;6.25;6.25;1;1;2;27.6;1617.408;55;0.1286;7.6523;164.152;0
31;18;.;.;.;1292.832;2;.;1;6.25;6.25;1;1;2;27.6;1292.832;55;0.1286;7.6523;164.152;0
31;16;.;.;.;898.098;2;.;1;6.25;6.25;1;1;2;27.8;898.098;55;0.1286;7.6523;164.152;0
31;14;.;.;.;736.622;2;.;1;6.25;6.25;1;1;2;26.6;736.622;55;0.1286;7.6523;164.152;0
31;11;.;.;.;568.458;2;.;1;6.25;6.25;1;1;2;25.3;568.458;55;0.1286;7.6523;164.152;0
31;9;.;.;.;487.35;2;.;1;6.25;6.25;1;1;2;26.8;487.35;55;0.1286;7.6523;164.152;0
31;7;.;.;.;478.325;2;.;1;6.25;6.25;1;1;2;25.5;478.325;55;0.1286;7.6523;164.152;0
31;4;.;.;.;451.25;2;.;1;6.25;6.25;1;1;2;25.4;451.25;55;0.1286;7.6523;164.152;0
31;2;.;.;.;191.558;2;.;1;6.25;6.25;1;1;2;21.1;191.558;55;0.1286;7.6523;164.152;0
34;3;675;.;.;.;.;.;1;25;25;1;1;2;26.9;.;55;0.13289;9.5935;165.292;0
34;4;700;2;1;.;.;.;1;25;25;1;1;2;28;.;55;0.13289;9.5935;165.292;0
34;7;700;1;1;.;.;.;1;25;25;1;1;2;27.7;.;55;0.13289;9.5935;165.292;0
34;9;700;1;1;.;.;.;1;25;25;1;1;2;27.9;.;55;0.13289;9.5935;165.292;0
34;11;675;2;1;.;.;.;1;25;25;1;1;2;26.6;.;55;0.13289;9.5935;165.292;0
34;14;675;1;1;.;.;.;1;25;25;1;1;2;27.2;.;55;0.13289;9.5935;165.292;0
34;16;675;.;.;.;.;.;1;25;25;1;1;2;27.1;.;55;0.13289;9.5935;165.292;0
34;0;.;.;.;165.292;2;.;1;25;25;1;1;2;27.7;.;55;0.13289;9.5935;165.292;0
34;30;.;.;.;1618.5435;2;.;1;25;25;1;1;2;27;1618.5435;55;0.13289;9.5935;165.292;0
34;28;.;.;.;1521;2;.;1;25;25;1;1;2;26.2;1521;55;0.13289;9.5935;165.292;0
34;25;.;.;.;1368.464;2;.;1;25;25;1;1;2;26.4;1368.464;55;0.13289;9.5935;165.292;0
34;23;.;.;.;1196.6045;2;.;1;25;25;1;1;2;26.9;1196.6045;55;0.13289;9.5935;165.292;0
34;21;.;.;.;1064.6125;2;.;1;25;25;1;1;2;27;1064.6125;55;0.13289;9.5935;165.292;0
34;18;.;.;.;814.61;2;.;1;25;25;1;1;2;27;814.61;55;0.13289;9.5935;165.292;0
34;16;.;.;.;633.864;2;.;1;25;25;1;1;2;27.1;633.864;55;0.13289;9.5935;165.292;0
34;14;.;.;.;595.448;2;.;1;25;25;1;1;2;27.2;595.448;55;0.13289;9.5935;165.292;0
34;11;.;.;.;571.392;2;.;1;25;25;1;1;2;26.6;571.392;55;0.13289;9.5935;165.292;0
34;9;.;.;.;396.1175;2;.;1;25;25;1;1;2;27.9;396.1175;55;0.13289;9.5935;165.292;0
34;7;.;.;.;389.2285;2;.;1;25;25;1;1;2;27.7;389.2285;55;0.13289;9.5935;165.292;0
34;4;.;.;.;292.5;2;.;1;25;25;1;1;2;28;292.5;55;0.13289;9.5935;165.292;0
34;2;.;.;.;217.328;2;.;1;25;25;1;1;2;26.9;217.328;55;0.13289;9.5935;165.292;0
38;0;.;.;.;39.5035;2;.;1;6.25;6.25;1;1;2;27.2;.;55;0.11108;8.2503;39.5035;0
38;3;168.75;.;.;.;.;.;1;6.25;6.25;1;1;2;27.3;.;55;0.11108;8.2503;39.5035;0
38;4;168.75;2;1;.;.;.;1;6.25;6.25;1;1;2;26.7;.;55;0.11108;8.2503;39.5035;0
38;7;168.75;1;1;.;.;.;1;6.25;6.25;1;1;2;26.9;.;55;0.11108;8.2503;39.5035;0
38;9;168.75;1;1;.;.;.;1;6.25;6.25;1;1;2;27.1;.;55;0.11108;8.2503;39.5035;0
38;11;168.75;2;1;.;.;.;1;6.25;6.25;1;1;2;26.8;.;55;0.11108;8.2503;39.5035;0
38;14;168.75;1;1;.;.;.;1;6.25;6.25;1;1;2;27.2;.;55;0.11108;8.2503;39.5035;0
38;16;168.75;.;.;.;.;.;1;6.25;6.25;1;1;2;27.1;.;55;0.11108;8.2503;39.5035;0
38;30;.;.;.;1002.472;2;.;1;6.25;6.25;1;1;2;30.2;1002.472;55;0.11108;8.2503;39.5035;0
38;28;.;.;.;805.792;2;.;1;6.25;6.25;1;1;2;29.3;805.792;55;0.11108;8.2503;39.5035;0
38;25;.;.;.;703.04;2;.;1;6.25;6.25;1;1;2;28.6;703.04;55;0.11108;8.2503;39.5035;0
38;23;.;.;.;645.048;2;.;1;6.25;6.25;1;1;2;28.7;645.048;55;0.11108;8.2503;39.5035;0
38;21;.;.;.;541.0175;2;.;1;6.25;6.25;1;1;2;29.1;541.0175;55;0.11108;8.2503;39.5035;0
38;18;.;.;.;394.944;2;.;1;6.25;6.25;1;1;2;26.8;394.944;55;0.11108;8.2503;39.5035;0
38;16;.;.;.;322.752;2;.;1;6.25;6.25;1;1;2;27.1;322.752;55;0.11108;8.2503;39.5035;0
38;14;.;.;.;264.654;2;.;1;6.25;6.25;1;1;2;27.2;264.654;55;0.11108;8.2503;39.5035;0
38;11;.;.;.;212.544;2;.;1;6.25;6.25;1;1;2;26.8;212.544;55;0.11108;8.2503;39.5035;0
38;9;.;.;.;202.176;2;.;1;6.25;6.25;1;1;2;27.1;202.176;55;0.11108;8.2503;39.5035;0
38;7;.;.;.;156.816;2;.;1;6.25;6.25;1;1;2;26.9;156.816;55;0.11108;8.2503;39.5035;0
38;4;.;.;.;120.6;2;.;1;6.25;6.25;1;1;2;26.7;120.6;55;0.11108;8.2503;39.5035;0
38;2;.;.;.;84.27;2;.;1;6.25;6.25;1;1;2;27.3;84.27;55;0.11108;8.2503;39.5035;0
40;0;.;.;.;191.808;2;.;1;0;0;2;0;2;26.8;.;55;1.4;3.87;191.808;0.0077169
40;3;0;.;.;.;.;.;1;0;0;2;0;2;26.1;.;55;1.4;3.87;191.808;0.0077169
40;4;0;2;1;.;.;.;1;0;0;2;0;2;26.5;.;55;1.4;3.87;191.808;0.0077169
40;7;0;1;1;.;.;.;1;0;0;2;0;2;26.5;.;55;1.4;3.87;191.808;0.0077169
40;9;0;1;1;.;.;.;1;0;0;2;0;2;27.1;.;55;1.4;3.87;191.808;0.0077169
40;11;0;2;1;.;.;.;1;0;0;2;0;2;26;.;55;1.4;3.87;191.808;0.0077169
40;14;0;1;1;.;.;.;1;0;0;2;0;2;26.4;.;55;1.4;3.87;191.808;0.0077169
40;16;0;.;.;.;.;.;1;0;0;2;0;2;26;.;55;1.4;3.87;191.808;0.0077169
40;21;.;.;.;2276.736;2;.;1;0;0;2;0;2;26.2;2276.736;55;1.4;3.87;191.808;0.0077169
40;18;.;.;.;1752.192;2;.;1;0;0;2;0;2;25.4;1752.192;55;1.4;3.87;191.808;0.0077169
40;16;.;.;.;1669.248;2;.;1;0;0;2;0;2;26;1669.248;55;1.4;3.87;191.808;0.0077169
40;14;.;.;.;1470.432;2;.;1;0;0;2;0;2;26.4;1470.432;55;1.4;3.87;191.808;0.0077169
40;11;.;.;.;1119.258;2;.;1;0;0;2;0;2;26;1119.258;55;1.4;3.87;191.808;0.0077169
40;9;.;.;.;915.008;2;.;1;0;0;2;0;2;27.1;915.008;55;1.4;3.87;191.808;0.0077169
40;7;.;.;.;668.367;2;.;1;0;0;2;0;2;26.5;668.367;55;1.4;3.87;191.808;0.0077169
40;4;.;.;.;330.672;2;.;1;0;0;2;0;2;26.5;330.672;55;1.4;3.87;191.808;0.0077169
40;2;.;.;.;249.158;2;.;1;0;0;2;0;2;26.1;249.158;55;1.4;3.87;191.808;0.0077169
41;0;.;.;.;132.9615;2;.;1;25;25;2;2;2;23.9;.;55;1.3941;2.2989;132.9615;0.0077169
41;3;600;.;.;.;.;.;1;25;25;2;2;2;24.3;.;55;1.3941;2.2989;132.9615;0.0077169
41;4;600;2;1;.;.;.;1;25;25;2;2;2;23.8;.;55;1.3941;2.2989;132.9615;0.0077169
41;7;600;1;1;.;.;.;1;25;25;2;2;2;23.8;.;55;1.3941;2.2989;132.9615;0.0077169
41;9;600;1;1;.;.;.;1;25;25;2;2;2;24.1;.;55;1.3941;2.2989;132.9615;0.0077169
41;11;575;2;1;.;.;.;1;25;25;2;2;2;22.6;.;55;1.3941;2.2989;132.9615;0.0077169
41;14;600;1;1;.;.;.;1;25;25;2;2;2;23.8;.;55;1.3941;2.2989;132.9615;0.0077169
41;16;575;.;.;.;.;.;1;25;25;2;2;2;23.3;.;55;1.3941;2.2989;132.9615;0.0077169
41;30;.;.;.;2021.6;2;.;1;25;25;2;2;2;24.9;2021.6;55;1.3941;2.2989;132.9615;0.0077169
41;28;.;.;.;1783.296;2;.;1;25;25;2;2;2;24.9;1783.296;55;1.3941;2.2989;132.9615;0.0077169
41;25;.;.;.;1494.954;2;.;1;25;25;2;2;2;24.9;1494.954;55;1.3941;2.2989;132.9615;0.0077169
41;23;.;.;.;1179.648;2;.;1;25;25;2;2;2;24.5;1179.648;55;1.3941;2.2989;132.9615;0.0077169
41;21;.;.;.;1085.9375;2;.;1;25;25;2;2;2;25;1085.9375;55;1.3941;2.2989;132.9615;0.0077169
41;18;.;.;.;647.352;2;.;1;25;25;2;2;2;23.2;647.352;55;1.3941;2.2989;132.9615;0.0077169
41;16;.;.;.;520;2;.;1;25;25;2;2;2;23.3;520;55;1.3941;2.2989;132.9615;0.0077169
41;14;.;.;.;469.3;2;.;1;25;25;2;2;2;23.8;469.3;55;1.3941;2.2989;132.9615;0.0077169
41;11;.;.;.;442.225;2;.;1;25;25;2;2;2;22.6;442.225;55;1.3941;2.2989;132.9615;0.0077169
41;9;.;.;.;328.104;2;.;1;25;25;2;2;2;24.1;328.104;55;1.3941;2.2989;132.9615;0.0077169
41;7;.;.;.;294.4;2;.;1;25;25;2;2;2;23.8;294.4;55;1.3941;2.2989;132.9615;0.0077169
41;4;.;.;.;225;2;.;1;25;25;2;2;2;23.8;225;55;1.3941;2.2989;132.9615;0.0077169
41;2;.;.;.;178.5375;2;.;1;25;25;2;2;2;24.3;178.5375;55;1.3941;2.2989;132.9615;0.0077169
42;0;.;.;.;196.599;2;.;1;6.25;6.25;2;2;2;26.8;.;55;1.404;4.086;196.599;0.0077169
42;3;175;.;.;.;.;.;1;6.25;6.25;2;2;2;27.8;.;55;1.404;4.086;196.599;0.0077169
42;4;162.5;2;1;.;.;.;1;6.25;6.25;2;2;2;26.1;.;55;1.404;4.086;196.599;0.0077169
42;7;162.5;1;1;.;.;.;1;6.25;6.25;2;2;2;26.1;.;55;1.404;4.086;196.599;0.0077169
42;9;168.75;1;1;.;.;.;1;6.25;6.25;2;2;2;27;.;55;1.404;4.086;196.599;0.0077169
42;11;156.25;2;1;.;.;.;1;6.25;6.25;2;2;2;24.7;.;55;1.404;4.086;196.599;0.0077169
42;14;162.5;1;1;.;.;.;1;6.25;6.25;2;2;2;26.2;.;55;1.404;4.086;196.599;0.0077169
42;16;162.5;.;.;.;.;.;1;6.25;6.25;2;2;2;26.2;.;55;1.404;4.086;196.599;0.0077169
42;25;.;.;.;1842.683;2;.;1;6.25;6.25;2;2;2;27.5;1842.683;55;1.404;4.086;196.599;0.0077169
42;23;.;.;.;1620.3015;2;.;1;6.25;6.25;2;2;2;26.5;1620.3015;55;1.404;4.086;196.599;0.0077169
42;21;.;.;.;1482.751;2;.;1;6.25;6.25;2;2;2;27.2;1482.751;55;1.404;4.086;196.599;0.0077169
42;18;.;.;.;1034.438;2;.;1;6.25;6.25;2;2;2;26.9;1034.438;55;1.404;4.086;196.599;0.0077169
42;16;.;.;.;1000.8;2;.;1;6.25;6.25;2;2;2;26.2;1000.8;55;1.404;4.086;196.599;0.0077169
42;14;.;.;.;972;2;.;1;6.25;6.25;2;2;2;26.2;972;55;1.404;4.086;196.599;0.0077169
42;11;.;.;.;700.0875;2;.;1;6.25;6.25;2;2;2;24.7;700.0875;55;1.404;4.086;196.599;0.0077169
42;9;.;.;.;550.4265;2;.;1;6.25;6.25;2;2;2;27;550.4265;55;1.404;4.086;196.599;0.0077169
42;7;.;.;.;427.734;2;.;1;6.25;6.25;2;2;2;26.1;427.734;55;1.404;4.086;196.599;0.0077169
42;4;.;.;.;352.352;2;.;1;6.25;6.25;2;2;2;26.1;352.352;55;1.404;4.086;196.599;0.0077169
42;2;.;.;.;250.3125;2;.;1;6.25;6.25;2;2;2;27.8;250.3125;55;1.404;4.086;196.599;0.0077169
52;3;650;.;.;.;.;.;1;25;25;1;1;2;26.2;.;55;0.12595;6.9663;205.35;0
52;4;625;2;1;.;.;.;1;25;25;1;1;2;25.2;.;55;0.12595;6.9663;205.35;0
52;7;650;1;1;.;.;.;1;25;25;1;1;2;25.8;.;55;0.12595;6.9663;205.35;0
52;9;650;1;1;.;.;.;1;25;25;1;1;2;25.9;.;55;0.12595;6.9663;205.35;0
52;11;625;2;1;.;.;.;1;25;25;1;1;2;24.9;.;55;0.12595;6.9663;205.35;0
52;14;650;1;1;.;.;.;1;25;25;1;1;2;25.5;.;55;0.12595;6.9663;205.35;0
52;16;650;.;.;.;.;.;1;25;25;1;1;2;26.4;.;55;0.12595;6.9663;205.35;0
52;0;.;.;.;205.35;2;.;1;25;25;1;1;2;24.5;.;55;0.12595;6.9663;205.35;0
52;30;.;.;.;1379.742;2;.;1;25;25;1;1;2;27;1379.742;55;0.12595;6.9663;205.35;0
52;28;.;.;.;1228.392;2;.;1;25;25;1;1;2;27.9;1228.392;55;0.12595;6.9663;205.35;0
52;25;.;.;.;1130.496;2;.;1;25;25;1;1;2;27.6;1130.496;55;0.12595;6.9663;205.35;0
52;23;.;.;.;1078.125;2;.;1;25;25;1;1;2;26.7;1078.125;55;0.12595;6.9663;205.35;0
52;21;.;.;.;939.87;2;.;1;25;25;1;1;2;26.8;939.87;55;0.12595;6.9663;205.35;0
52;18;.;.;.;831.744;2;.;1;25;25;1;1;2;25.6;831.744;55;0.12595;6.9663;205.35;0
52;16;.;.;.;746.496;2;.;1;25;25;1;1;2;26.4;746.496;55;0.12595;6.9663;205.35;0
52;14;.;.;.;629.695;2;.;1;25;25;1;1;2;25.5;629.695;55;0.12595;6.9663;205.35;0
52;11;.;.;.;520;2;.;1;25;25;1;1;2;24.9;520;55;0.12595;6.9663;205.35;0
52;9;.;.;.;379.456;2;.;1;25;25;1;1;2;25.9;379.456;55;0.12595;6.9663;205.35;0
52;7;.;.;.;301.806;2;.;1;25;25;1;1;2;25.8;301.806;55;0.12595;6.9663;205.35;0
52;4;.;.;.;278.8425;2;.;1;25;25;1;1;2;25.2;278.8425;55;0.12595;6.9663;205.35;0
52;2;.;.;.;191.808;2;.;1;25;25;1;1;2;26.2;191.808;55;0.12595;6.9663;205.35;0
62;0;.;.;.;84.096;2;.;1;25;25;2;2;2;24.9;.;55;1.4003;5.5932;84.096;0.0077169
62;3;625;.;.;.;.;.;1;25;25;2;2;2;25.1;.;55;1.4003;5.5932;84.096;0.0077169
62;4;625;2;1;.;.;.;1;25;25;2;2;2;25.2;.;55;1.4003;5.5932;84.096;0.0077169
62;7;625;1;1;.;.;.;1;25;25;2;2;2;25.3;.;55;1.4003;5.5932;84.096;0.0077169
62;9;625;1;1;.;.;.;1;25;25;2;2;2;24.9;.;55;1.4003;5.5932;84.096;0.0077169
62;11;600;2;1;.;.;.;1;25;25;2;2;2;23.7;.;55;1.4003;5.5932;84.096;0.0077169
62;14;625;1;1;.;.;.;1;25;25;2;2;2;25;.;55;1.4003;5.5932;84.096;0.0077169
62;16;625;.;.;.;.;.;1;25;25;2;2;2;25.1;.;55;1.4003;5.5932;84.096;0.0077169
62;30;.;.;.;1447.767;2;.;1;25;25;2;2;2;23.9;1447.767;55;1.4003;5.5932;84.096;0.0077169
62;28;.;.;.;1287.466;2;.;1;25;25;2;2;2;24.8;1287.466;55;1.4003;5.5932;84.096;0.0077169
62;25;.;.;.;1257.698;2;.;1;25;25;2;2;2;24.2;1257.698;55;1.4003;5.5932;84.096;0.0077169
62;23;.;.;.;1202.4;2;.;1;25;25;2;2;2;24.6;1202.4;55;1.4003;5.5932;84.096;0.0077169
62;21;.;.;.;1064.6125;2;.;1;25;25;2;2;2;22.3;1064.6125;55;1.4003;5.5932;84.096;0.0077169
62;18;.;.;.;804.825;2;.;1;25;25;2;2;2;24.7;804.825;55;1.4003;5.5932;84.096;0.0077169
62;16;.;.;.;626.688;2;.;1;25;25;2;2;2;25.1;626.688;55;1.4003;5.5932;84.096;0.0077169
62;14;.;.;.;475.26;2;.;1;25;25;2;2;2;25;475.26;55;1.4003;5.5932;84.096;0.0077169
62;11;.;.;.;456.896;2;.;1;25;25;2;2;2;23.7;456.896;55;1.4003;5.5932;84.096;0.0077169
62;9;.;.;.;264.6525;2;.;1;25;25;2;2;2;24.9;264.6525;55;1.4003;5.5932;84.096;0.0077169
62;7;.;.;.;242.55;2;.;1;25;25;2;2;2;25.3;242.55;55;1.4003;5.5932;84.096;0.0077169
62;4;.;.;.;225.4;2;.;1;25;25;2;2;2;25.2;225.4;55;1.4003;5.5932;84.096;0.0077169
62;2;.;.;.;130.5375;2;.;1;25;25;2;2;2;25.1;130.5375;55;1.4003;5.5932;84.096;0.0077169
67;3;2850;.;.;.;.;.;1;100;100;1;1;2;28.3;.;55;0.14146;7.6432;186.2;0
67;4;2750;2;1;.;.;.;1;100;100;1;1;2;27.4;.;55;0.14146;7.6432;186.2;0
67;7;2450;1;1;.;.;.;1;100;100;1;1;2;24.7;.;55;0.14146;7.6432;186.2;0
67;14;2650;1;1;.;.;.;1;100;100;1;1;2;26.5;.;55;0.14146;7.6432;186.2;0
67;16;2550;.;.;.;.;.;1;100;100;1;1;2;25.6;.;55;0.14146;7.6432;186.2;0
67;0;.;.;.;186.2;2;.;1;100;100;1;1;2;28.5;.;55;0.14146;7.6432;186.2;0
67;30;.;.;.;605.696;2;.;1;100;100;1;1;2;30;605.696;55;0.14146;7.6432;186.2;0
67;28;.;.;.;530;2;.;1;100;100;1;1;2;30.9;530;55;0.14146;7.6432;186.2;0
67;25;.;.;.;303.408;2;.;1;100;100;1;1;2;29.9;303.408;55;0.14146;7.6432;186.2;0
67;4;.;.;.;282.408;2;.;1;100;100;1;1;2;27.4;282.408;55;0.14146;7.6432;186.2;0
67;23;.;.;.;208.088;2;.;1;100;100;1;1;2;29;208.088;55;0.14146;7.6432;186.2;0
67;2;.;.;.;207.831;2;.;1;100;100;1;1;2;28.3;207.831;55;0.14146;7.6432;186.2;0
67;21;.;.;.;112.694;2;.;1;100;100;1;1;2;29.5;112.694;55;0.14146;7.6432;186.2;0
67;14;.;.;.;83.824;2;.;1;100;100;1;1;2;26.5;83.824;55;0.14146;7.6432;186.2;0
67;7;.;.;.;77.2475;2;.;1;100;100;1;1;2;24.7;77.2475;55;0.14146;7.6432;186.2;0
67;18;.;.;.;67.228;2;.;1;100;100;1;1;2;24.4;67.228;55;0.14146;7.6432;186.2;0
67;16;.;.;.;64.512;2;.;1;100;100;1;1;2;25.6;64.512;55;0.14146;7.6432;186.2;0
67;9;.;.;.;28.0645;2;.;1;100;100;1;1;2;22.1;28.0645;55;0.14146;7.6432;186.2;0
67;11;.;.;.;23.698;2;.;1;100;100;1;1;2;23.4;23.698;55;0.14146;7.6432;186.2;0
68;0;.;.;.;167.936;2;.;1;25;25;2;2;2;29.8;.;55;1.4072;4.1077;167.936;0.0077169
68;3;775;.;.;.;.;.;1;25;25;2;2;2;30.8;.;55;1.4072;4.1077;167.936;0.0077169
68;4;750;2;1;.;.;.;1;25;25;2;2;2;30;.;55;1.4072;4.1077;167.936;0.0077169
68;7;750;1;1;.;.;.;1;25;25;2;2;2;29.6;.;55;1.4072;4.1077;167.936;0.0077169
68;9;750;1;1;.;.;.;1;25;25;2;2;2;30.4;.;55;1.4072;4.1077;167.936;0.0077169
68;11;725;2;1;.;.;.;1;25;25;2;2;2;28.8;.;55;1.4072;4.1077;167.936;0.0077169
68;14;775;1;1;.;.;.;1;25;25;2;2;2;30.5;.;55;1.4072;4.1077;167.936;0.0077169
68;16;750;.;.;.;.;.;1;25;25;2;2;2;30.3;.;55;1.4072;4.1077;167.936;0.0077169
68;28;.;.;.;1912.5;2;.;1;25;25;2;2;2;30.9;1912.5;55;1.4072;4.1077;167.936;0.0077169
68;25;.;.;.;1526.359;2;.;1;25;25;2;2;2;31.3;1526.359;55;1.4072;4.1077;167.936;0.0077169
68;23;.;.;.;1137.6;2;.;1;25;25;2;2;2;30.7;1137.6;55;1.4072;4.1077;167.936;0.0077169
68;21;.;.;.;948.787;2;.;1;25;25;2;2;2;31.6;948.787;55;1.4072;4.1077;167.936;0.0077169
68;18;.;.;.;605.696;2;.;1;25;25;2;2;2;30.4;605.696;55;1.4072;4.1077;167.936;0.0077169
68;16;.;.;.;416.295;2;.;1;25;25;2;2;2;30.3;416.295;55;1.4072;4.1077;167.936;0.0077169
68;14;.;.;.;379.3125;2;.;1;25;25;2;2;2;30.5;379.3125;55;1.4072;4.1077;167.936;0.0077169
68;11;.;.;.;372.0875;2;.;1;25;25;2;2;2;28.8;372.0875;55;1.4072;4.1077;167.936;0.0077169
68;9;.;.;.;338.688;2;.;1;25;25;2;2;2;30.4;338.688;55;1.4072;4.1077;167.936;0.0077169
68;7;.;.;.;277.248;2;.;1;25;25;2;2;2;29.6;277.248;55;1.4072;4.1077;167.936;0.0077169
68;4;.;.;.;259.92;2;.;1;25;25;2;2;2;30;259.92;55;1.4072;4.1077;167.936;0.0077169
68;2;.;.;.;230.688;2;.;1;25;25;2;2;2;30.8;230.688;55;1.4072;4.1077;167.936;0.0077169
75;0;.;.;.;165.292;2;.;1;6.25;6.25;2;2;2;23.3;.;55;1.4076;4.2061;165.292;0.0077169
75;3;150;.;.;.;.;.;1;6.25;6.25;2;2;2;24.1;.;55;1.4076;4.2061;165.292;0.0077169
75;4;150;2;1;.;.;.;1;6.25;6.25;2;2;2;23.5;.;55;1.4076;4.2061;165.292;0.0077169
75;7;150;1;1;.;.;.;1;6.25;6.25;2;2;2;23.6;.;55;1.4076;4.2061;165.292;0.0077169
75;9;156.25;1;1;.;.;.;1;6.25;6.25;2;2;2;24.6;.;55;1.4076;4.2061;165.292;0.0077169
75;11;150;2;1;.;.;.;1;6.25;6.25;2;2;2;23.6;.;55;1.4076;4.2061;165.292;0.0077169
75;14;150;1;1;.;.;.;1;6.25;6.25;2;2;2;24;.;55;1.4076;4.2061;165.292;0.0077169
75;16;150;.;.;.;.;.;1;6.25;6.25;2;2;2;24.2;.;55;1.4076;4.2061;165.292;0.0077169
75;25;.;.;.;2004.002;2;.;1;6.25;6.25;2;2;2;24.6;2004.002;55;1.4076;4.2061;165.292;0.0077169
75;23;.;.;.;1605.8565;2;.;1;6.25;6.25;2;2;2;24.2;1605.8565;55;1.4076;4.2061;165.292;0.0077169
75;21;.;.;.;1369.328;2;.;1;6.25;6.25;2;2;2;24.4;1369.328;55;1.4076;4.2061;165.292;0.0077169
75;18;.;.;.;1038.096;2;.;1;6.25;6.25;2;2;2;23.3;1038.096;55;1.4076;4.2061;165.292;0.0077169
75;16;.;.;.;904.498;2;.;1;6.25;6.25;2;2;2;24.2;904.498;55;1.4076;4.2061;165.292;0.0077169
75;14;.;.;.;832.8065;2;.;1;6.25;6.25;2;2;2;24;832.8065;55;1.4076;4.2061;165.292;0.0077169
75;11;.;.;.;795.675;2;.;1;6.25;6.25;2;2;2;23.6;795.675;55;1.4076;4.2061;165.292;0.0077169
75;9;.;.;.;645.2875;2;.;1;6.25;6.25;2;2;2;24.6;645.2875;55;1.4076;4.2061;165.292;0.0077169
75;7;.;.;.;579.15;2;.;1;6.25;6.25;2;2;2;23.6;579.15;55;1.4076;4.2061;165.292;0.0077169
75;4;.;.;.;317.583;2;.;1;6.25;6.25;2;2;2;23.5;317.583;55;1.4076;4.2061;165.292;0.0077169
75;2;.;.;.;233.046;2;.;1;6.25;6.25;2;2;2;24.1;233.046;55;1.4076;4.2061;165.292;0.0077169
78;0;.;.;.;134.946;2;.;1;100;100;2;2;2;22.4;.;55;1.4023;4.856;134.946;0.0077169
78;3;2300;.;.;.;.;.;1;100;100;2;2;2;22.8;.;55;1.4023;4.856;134.946;0.0077169
78;4;2200;2;1;.;.;.;1;100;100;2;2;2;21.9;.;55;1.4023;4.856;134.946;0.0077169
78;7;2200;1;1;.;.;.;1;100;100;2;2;2;21.9;.;55;1.4023;4.856;134.946;0.0077169
78;9;2200;1;1;.;.;.;1;100;100;2;2;2;21.7;.;55;1.4023;4.856;134.946;0.0077169
78;11;2000;2;1;.;.;.;1;100;100;2;2;2;20.2;.;55;1.4023;4.856;134.946;0.0077169
78;14;2000;1;1;.;.;.;1;100;100;2;2;2;20.1;.;55;1.4023;4.856;134.946;0.0077169
78;16;1900;.;.;.;.;.;1;100;100;2;2;2;19.2;.;55;1.4023;4.856;134.946;0.0077169
78;30;.;.;.;473.984;2;.;1;100;100;2;2;2;21;473.984;55;1.4023;4.856;134.946;0.0077169
78;28;.;.;.;352;2;.;1;100;100;2;2;2;21.5;352;55;1.4023;4.856;134.946;0.0077169
78;4;.;.;.;293.327;2;.;1;100;100;2;2;2;21.9;293.327;55;1.4023;4.856;134.946;0.0077169
78;2;.;.;.;199.1195;2;.;1;100;100;2;2;2;22.8;199.1195;55;1.4023;4.856;134.946;0.0077169
78;25;.;.;.;169.984;2;.;1;100;100;2;2;2;21.5;169.984;55;1.4023;4.856;134.946;0.0077169
78;7;.;.;.;168.776;2;.;1;100;100;2;2;2;21.9;168.776;55;1.4023;4.856;134.946;0.0077169
78;23;.;.;.;104.284;2;.;1;100;100;2;2;2;21.3;104.284;55;1.4023;4.856;134.946;0.0077169
78;11;.;.;.;99.144;2;.;1;100;100;2;2;2;20.2;99.144;55;1.4023;4.856;134.946;0.0077169
78;9;.;.;.;98.696;2;.;1;100;100;2;2;2;21.7;98.696;55;1.4023;4.856;134.946;0.0077169
78;14;.;.;.;46.225;2;.;1;100;100;2;2;2;20.1;46.225;55;1.4023;4.856;134.946;0.0077169
78;21;.;.;.;43.56;2;.;1;100;100;2;2;2;21.8;43.56;55;1.4023;4.856;134.946;0.0077169
78;16;.;.;.;36;2;.;1;100;100;2;2;2;19.2;36;55;1.4023;4.856;134.946;0.0077169
78;18;.;.;.;31.1805;2;.;1;100;100;2;2;2;19.3;31.1805;55;1.4023;4.856;134.946;0.0077169
91;3;625;.;.;.;.;.;1;25;25;1;1;2;25.4;.;55;0.13913;8.442;128.3745;0
91;4;625;2;1;.;.;.;1;25;25;1;1;2;25;.;55;0.13913;8.442;128.3745;0
91;7;650;1;1;.;.;.;1;25;25;1;1;2;26.4;.;55;0.13913;8.442;128.3745;0
91;9;675;1;1;.;.;.;1;25;25;1;1;2;26.5;.;55;0.13913;8.442;128.3745;0
91;11;625;2;1;.;.;.;1;25;25;1;1;2;25.1;.;55;0.13913;8.442;128.3745;0
91;14;650;1;1;.;.;.;1;25;25;1;1;2;25.8;.;55;0.13913;8.442;128.3745;0
91;16;675;.;.;.;.;.;1;25;25;1;1;2;26.7;.;55;0.13913;8.442;128.3745;0
91;0;.;.;.;128.3745;2;.;1;25;25;1;1;2;26.1;.;55;0.13913;8.442;128.3745;0
91;30;.;.;.;1201.6105;2;.;1;25;25;1;1;2;25;1201.6105;55;0.13913;8.442;128.3745;0
91;28;.;.;.;1182.762;2;.;1;25;25;1;1;2;25.1;1182.762;55;0.13913;8.442;128.3745;0
91;25;.;.;.;958.9855;2;.;1;25;25;1;1;2;25.2;958.9855;55;0.13913;8.442;128.3745;0
91;23;.;.;.;794.7045;2;.;1;25;25;1;1;2;26.5;794.7045;55;0.13913;8.442;128.3745;0
91;21;.;.;.;562.277;2;.;1;25;25;1;1;2;26;562.277;55;0.13913;8.442;128.3745;0
91;18;.;.;.;437.382;2;.;1;25;25;1;1;2;25.5;437.382;55;0.13913;8.442;128.3745;0
91;16;.;.;.;349.272;2;.;1;25;25;1;1;2;26.7;349.272;55;0.13913;8.442;128.3745;0
91;14;.;.;.;301.806;2;.;1;25;25;1;1;2;25.8;301.806;55;0.13913;8.442;128.3745;0
91;11;.;.;.;294.4;2;.;1;25;25;1;1;2;25.1;294.4;55;0.13913;8.442;128.3745;0
91;9;.;.;.;243.089;2;.;1;25;25;1;1;2;26.5;243.089;55;0.13913;8.442;128.3745;0
91;4;.;.;.;222.912;2;.;1;25;25;1;1;2;25;222.912;55;0.13913;8.442;128.3745;0
91;7;.;.;.;204.768;2;.;1;25;25;1;1;2;26.4;204.768;55;0.13913;8.442;128.3745;0
91;2;.;.;.;135.8165;2;.;1;25;25;1;1;2;25.4;135.8165;55;0.13913;8.442;128.3745;0
94;0;.;.;.;77.2475;2;.;1;0;0;2;0;2;18.3;.;55;1.4;3.87;77.2475;0.0077169
94;3;0;.;.;.;.;.;1;0;0;2;0;2;18.2;.;55;1.4;3.87;77.2475;0.0077169
94;4;0;2;1;.;.;.;1;0;0;2;0;2;18.5;.;55;1.4;3.87;77.2475;0.0077169
94;7;0;1;1;.;.;.;1;0;0;2;0;2;18.3;.;55;1.4;3.87;77.2475;0.0077169
94;9;0;1;1;.;.;.;1;0;0;2;0;2;18.7;.;55;1.4;3.87;77.2475;0.0077169
94;11;0;2;1;.;.;.;1;0;0;2;0;2;17.9;.;55;1.4;3.87;77.2475;0.0077169
94;14;0;1;1;.;.;.;1;0;0;2;0;2;18.4;.;55;1.4;3.87;77.2475;0.0077169
94;16;0;.;.;.;.;.;1;0;0;2;0;2;18.2;.;55;1.4;3.87;77.2475;0.0077169
94;30;.;.;.;576.24;2;.;1;0;0;2;0;2;19.2;576.24;55;1.4;3.87;77.2475;0.0077169
94;28;.;.;.;555.131;2;.;1;0;0;2;0;2;20;555.131;55;1.4;3.87;77.2475;0.0077169
94;25;.;.;.;426.4715;2;.;1;0;0;2;0;2;20.3;426.4715;55;1.4;3.87;77.2475;0.0077169
94;23;.;.;.;405.769;2;.;1;0;0;2;0;2;20.2;405.769;55;1.4;3.87;77.2475;0.0077169
94;18;.;.;.;389.207;2;.;1;0;0;2;0;2;18.7;389.207;55;1.4;3.87;77.2475;0.0077169
94;21;.;.;.;389.207;2;.;1;0;0;2;0;2;20;389.207;55;1.4;3.87;77.2475;0.0077169
94;16;.;.;.;306.936;2;.;1;0;0;2;0;2;18.2;306.936;55;1.4;3.87;77.2475;0.0077169
94;11;.;.;.;264.654;2;.;1;0;0;2;0;2;17.9;264.654;55;1.4;3.87;77.2475;0.0077169
94;14;.;.;.;264.654;2;.;1;0;0;2;0;2;18.4;264.654;55;1.4;3.87;77.2475;0.0077169
94;9;.;.;.;189.486;2;.;1;0;0;2;0;2;18.7;189.486;55;1.4;3.87;77.2475;0.0077169
94;7;.;.;.;165.528;2;.;1;0;0;2;0;2;18.3;165.528;55;1.4;3.87;77.2475;0.0077169
94;4;.;.;.;125.316;2;.;1;0;0;2;0;2;18.5;125.316;55;1.4;3.87;77.2475;0.0077169
94;2;.;.;.;88.4835;2;.;1;0;0;2;0;2;18.2;88.4835;55;1.4;3.87;77.2475;0.0077169
95;0;.;.;.;186.2;2;.;1;0;0;2;0;2;22.3;.;55;1.4;3.87;186.2;0.0077169
95;3;0;.;.;.;.;.;1;0;0;2;0;2;23;.;55;1.4;3.87;186.2;0.0077169
95;4;0;2;1;.;.;.;1;0;0;2;0;2;22.4;.;55;1.4;3.87;186.2;0.0077169
95;7;0;1;1;.;.;.;1;0;0;2;0;2;23.6;.;55;1.4;3.87;186.2;0.0077169
95;9;0;1;1;.;.;.;1;0;0;2;0;2;24.1;.;55;1.4;3.87;186.2;0.0077169
95;11;0;2;1;.;.;.;1;0;0;2;0;2;22.7;.;55;1.4;3.87;186.2;0.0077169
95;14;0;1;1;.;.;.;1;0;0;2;0;2;23.6;.;55;1.4;3.87;186.2;0.0077169
95;16;0;.;.;.;.;.;1;0;0;2;0;2;23.3;.;55;1.4;3.87;186.2;0.0077169
95;21;.;.;.;2346.616;2;.;1;0;0;2;0;2;23.3;2346.616;55;1.4;3.87;186.2;0.0077169
95;18;.;.;.;1675.872;2;.;1;0;0;2;0;2;23.3;1675.872;55;1.4;3.87;186.2;0.0077169
95;16;.;.;.;1131.184;2;.;1;0;0;2;0;2;23.3;1131.184;55;1.4;3.87;186.2;0.0077169
95;14;.;.;.;919.6;2;.;1;0;0;2;0;2;23.6;919.6;55;1.4;3.87;186.2;0.0077169
95;11;.;.;.;730.08;2;.;1;0;0;2;0;2;22.7;730.08;55;1.4;3.87;186.2;0.0077169
95;9;.;.;.;724.672;2;.;1;0;0;2;0;2;24.1;724.672;55;1.4;3.87;186.2;0.0077169
95;7;.;.;.;624.26;2;.;1;0;0;2;0;2;23.6;624.26;55;1.4;3.87;186.2;0.0077169
95;4;.;.;.;429.3;2;.;1;0;0;2;0;2;22.4;429.3;55;1.4;3.87;186.2;0.0077169
95;2;.;.;.;246.42;2;.;1;0;0;2;0;2;23;246.42;55;1.4;3.87;186.2;0.0077169
98;3;175;.;.;.;.;.;1;6.25;6.25;1;1;2;28;.;55;0.13744;9.7878;183.2985;0
98;4;168.75;2;1;.;.;.;1;6.25;6.25;1;1;2;27;.;55;0.13744;9.7878;183.2985;0
98;7;168.75;1;1;.;.;.;1;6.25;6.25;1;1;2;26.8;.;55;0.13744;9.7878;183.2985;0
98;9;168.75;1;1;.;.;.;1;6.25;6.25;1;1;2;27.2;.;55;0.13744;9.7878;183.2985;0
98;11;162.5;2;1;.;.;.;1;6.25;6.25;1;1;2;25.9;.;55;0.13744;9.7878;183.2985;0
98;14;168.75;1;1;.;.;.;1;6.25;6.25;1;1;2;27;.;55;0.13744;9.7878;183.2985;0
98;16;175;.;.;.;.;.;1;6.25;6.25;1;1;2;27.5;.;55;0.13744;9.7878;183.2985;0
98;0;.;.;.;183.2985;2;.;1;6.25;6.25;1;1;2;27.1;.;55;0.13744;9.7878;183.2985;0
98;30;.;.;.;1618.4;2;.;1;6.25;6.25;1;1;2;27.6;1618.4;55;0.13744;9.7878;183.2985;0
98;28;.;.;.;1467.1125;2;.;1;6.25;6.25;1;1;2;27.6;1467.1125;55;0.13744;9.7878;183.2985;0
98;25;.;.;.;1448.8875;2;.;1;6.25;6.25;1;1;2;26;1448.8875;55;0.13744;9.7878;183.2985;0
98;23;.;.;.;1127.1105;2;.;1;6.25;6.25;1;1;2;26;1127.1105;55;0.13744;9.7878;183.2985;0
98;21;.;.;.;1071.648;2;.;1;6.25;6.25;1;1;2;25.6;1071.648;55;0.13744;9.7878;183.2985;0
98;18;.;.;.;932.908;2;.;1;6.25;6.25;1;1;2;25.7;932.908;55;0.13744;9.7878;183.2985;0
98;16;.;.;.;886.075;2;.;1;6.25;6.25;1;1;2;27.5;886.075;55;0.13744;9.7878;183.2985;0
98;14;.;.;.;780.275;2;.;1;6.25;6.25;1;1;2;27;780.275;55;0.13744;9.7878;183.2985;0
98;11;.;.;.;696.1365;2;.;1;6.25;6.25;1;1;2;25.9;696.1365;55;0.13744;9.7878;183.2985;0
98;9;.;.;.;587.826;2;.;1;6.25;6.25;1;1;2;27.2;587.826;55;0.13744;9.7878;183.2985;0
98;7;.;.;.;493.056;2;.;1;6.25;6.25;1;1;2;26.8;493.056;55;0.13744;9.7878;183.2985;0
98;4;.;.;.;374.6655;2;.;1;6.25;6.25;1;1;2;27;374.6655;55;0.13744;9.7878;183.2985;0
98;2;.;.;.;269.001;2;.;1;6.25;6.25;1;1;2;28;269.001;55;0.13744;9.7878;183.2985;0
99;0;.;.;.;117;2;.;1;6.25;6.25;2;2;2;21;.;55;1.4046;6.0871;117;0.0077169
99;3;137.5;.;.;.;.;.;1;6.25;6.25;2;2;2;21.5;.;55;1.4046;6.0871;117;0.0077169
99;4;131.25;2;1;.;.;.;1;6.25;6.25;2;2;2;21.1;.;55;1.4046;6.0871;117;0.0077169
99;7;137.5;1;1;.;.;.;1;6.25;6.25;2;2;2;22;.;55;1.4046;6.0871;117;0.0077169
99;9;143.75;1;1;.;.;.;1;6.25;6.25;2;2;2;23;.;55;1.4046;6.0871;117;0.0077169
99;11;137.5;2;1;.;.;.;1;6.25;6.25;2;2;2;22.2;.;55;1.4046;6.0871;117;0.0077169
99;14;143.75;1;1;.;.;.;1;6.25;6.25;2;2;2;22.9;.;55;1.4046;6.0871;117;0.0077169
99;16;150;.;.;.;.;.;1;6.25;6.25;2;2;2;23.7;.;55;1.4046;6.0871;117;0.0077169
99;25;.;.;.;1895.416;2;.;1;6.25;6.25;2;2;2;23.1;1895.416;55;1.4046;6.0871;117;0.0077169
99;23;.;.;.;1447.344;2;.;1;6.25;6.25;2;2;2;23.3;1447.344;55;1.4046;6.0871;117;0.0077169
99;21;.;.;.;1164.87;2;.;1;6.25;6.25;2;2;2;23.6;1164.87;55;1.4046;6.0871;117;0.0077169
99;18;.;.;.;876.096;2;.;1;6.25;6.25;2;2;2;23.5;876.096;55;1.4046;6.0871;117;0.0077169
99;16;.;.;.;540;2;.;1;6.25;6.25;2;2;2;23.7;540;55;1.4046;6.0871;117;0.0077169
99;14;.;.;.;529.254;2;.;1;6.25;6.25;2;2;2;22.9;529.254;55;1.4046;6.0871;117;0.0077169
99;11;.;.;.;494.9505;2;.;1;6.25;6.25;2;2;2;22.2;494.9505;55;1.4046;6.0871;117;0.0077169
99;9;.;.;.;414.05;2;.;1;6.25;6.25;2;2;2;23;414.05;55;1.4046;6.0871;117;0.0077169
99;7;.;.;.;380.208;2;.;1;6.25;6.25;2;2;2;22;380.208;55;1.4046;6.0871;117;0.0077169
99;4;.;.;.;239.0625;2;.;1;6.25;6.25;2;2;2;21.1;239.0625;55;1.4046;6.0871;117;0.0077169
99;2;.;.;.;166.464;2;.;1;6.25;6.25;2;2;2;21.5;166.464;55;1.4046;6.0871;117;0.0077169
108;3;650;.;.;.;.;.;1;25;25;1;1;2;26.1;.;55;0.12985;7.5766;87.808;0
108;4;625;2;1;.;.;.;1;25;25;1;1;2;25.1;.;55;0.12985;7.5766;87.808;0
108;7;625;1;1;.;.;.;1;25;25;1;1;2;25.3;.;55;0.12985;7.5766;87.808;0
108;9;625;1;1;.;.;.;1;25;25;1;1;2;25.1;.;55;0.12985;7.5766;87.808;0
108;11;625;2;1;.;.;.;1;25;25;1;1;2;24.7;.;55;0.12985;7.5766;87.808;0
108;14;675;1;1;.;.;.;1;25;25;1;1;2;27.1;.;55;0.12985;7.5766;87.808;0
108;16;675;.;.;.;.;.;1;25;25;1;1;2;27.1;.;55;0.12985;7.5766;87.808;0
108;0;.;.;.;87.808;2;.;1;25;25;1;1;2;25.8;.;55;0.12985;7.5766;87.808;0
108;30;.;.;.;1019.592;2;.;1;25;25;1;1;2;22.6;1019.592;55;0.12985;7.5766;87.808;0
108;28;.;.;.;962.948;2;.;1;25;25;1;1;2;21.9;962.948;55;0.12985;7.5766;87.808;0
108;25;.;.;.;912.525;2;.;1;25;25;1;1;2;22;912.525;55;0.12985;7.5766;87.808;0
108;23;.;.;.;768.35;2;.;1;25;25;1;1;2;24.6;768.35;55;0.12985;7.5766;87.808;0
108;21;.;.;.;505.4;2;.;1;25;25;1;1;2;25.3;505.4;55;0.12985;7.5766;87.808;0
108;18;.;.;.;491.8625;2;.;1;25;25;1;1;2;24.8;491.8625;55;0.12985;7.5766;87.808;0
108;16;.;.;.;467.046;2;.;1;25;25;1;1;2;27.1;467.046;55;0.12985;7.5766;87.808;0
108;14;.;.;.;320.3385;2;.;1;25;25;1;1;2;27.1;320.3385;55;0.12985;7.5766;87.808;0
108;11;.;.;.;281.6;2;.;1;25;25;1;1;2;24.7;281.6;55;0.12985;7.5766;87.808;0
108;9;.;.;.;197.5815;2;.;1;25;25;1;1;2;25.1;197.5815;55;0.12985;7.5766;87.808;0
108;4;.;.;.;192.8205;2;.;1;25;25;1;1;2;25.1;192.8205;55;0.12985;7.5766;87.808;0
108;7;.;.;.;185.679;2;.;1;25;25;1;1;2;25.3;185.679;55;0.12985;7.5766;87.808;0
108;2;.;.;.;107.911;2;.;1;25;25;1;1;2;26.1;107.911;55;0.12985;7.5766;87.808;0
117;0;.;.;.;132.0955;2;.;1;25;25;2;2;2;27.8;.;55;1.4035;3.3566;132.0955;0.0077169
117;3;725;.;.;.;.;.;1;25;25;2;2;2;28.7;.;55;1.4035;3.3566;132.0955;0.0077169
117;4;700;2;1;.;.;.;1;25;25;2;2;2;27.9;.;55;1.4035;3.3566;132.0955;0.0077169
117;7;725;1;1;.;.;.;1;25;25;2;2;2;28.6;.;55;1.4035;3.3566;132.0955;0.0077169
117;9;700;1;1;.;.;.;1;25;25;2;2;2;27.9;.;55;1.4035;3.3566;132.0955;0.0077169
117;11;675;2;1;.;.;.;1;25;25;2;2;2;27.1;.;55;1.4035;3.3566;132.0955;0.0077169
117;14;700;1;1;.;.;.;1;25;25;2;2;2;28.4;.;55;1.4035;3.3566;132.0955;0.0077169
117;16;700;.;.;.;.;.;1;25;25;2;2;2;28.3;.;55;1.4035;3.3566;132.0955;0.0077169
117;21;.;.;.;1865.15;2;.;1;25;25;2;2;2;29.5;1865.15;55;1.4035;3.3566;132.0955;0.0077169
117;18;.;.;.;1182.762;2;.;1;25;25;2;2;2;27.8;1182.762;55;1.4035;3.3566;132.0955;0.0077169
117;16;.;.;.;998.3505;2;.;1;25;25;2;2;2;28.3;998.3505;55;1.4035;3.3566;132.0955;0.0077169
117;14;.;.;.;689.585;2;.;1;25;25;2;2;2;28.4;689.585;55;1.4035;3.3566;132.0955;0.0077169
117;11;.;.;.;645.048;2;.;1;25;25;2;2;2;27.1;645.048;55;1.4035;3.3566;132.0955;0.0077169
117;9;.;.;.;408.726;2;.;1;25;25;2;2;2;27.9;408.726;55;1.4035;3.3566;132.0955;0.0077169
117;7;.;.;.;312.05;2;.;1;25;25;2;2;2;28.6;312.05;55;1.4035;3.3566;132.0955;0.0077169
117;4;.;.;.;204.732;2;.;1;25;25;2;2;2;27.9;204.732;55;1.4035;3.3566;132.0955;0.0077169
117;2;.;.;.;164.775;2;.;1;25;25;2;2;2;28.7;164.775;55;1.4035;3.3566;132.0955;0.0077169
119;3;137.5;.;.;.;.;.;1;6.25;6.25;1;1;2;22.3;.;55;0.094474;7.2756;112.0905;0
119;4;137.5;2;1;.;.;.;1;6.25;6.25;1;1;2;22.1;.;55;0.094474;7.2756;112.0905;0
119;7;137.5;1;1;.;.;.;1;6.25;6.25;1;1;2;21.8;.;55;0.094474;7.2756;112.0905;0
119;9;143.75;1;1;.;.;.;1;6.25;6.25;1;1;2;22.8;.;55;0.094474;7.2756;112.0905;0
119;11;131.25;2;1;.;.;.;1;6.25;6.25;1;1;2;21.1;.;55;0.094474;7.2756;112.0905;0
119;14;137.5;1;1;.;.;.;1;6.25;6.25;1;1;2;21.6;.;55;0.094474;7.2756;112.0905;0
119;16;137.5;.;.;.;.;.;1;6.25;6.25;1;1;2;22.1;.;55;0.094474;7.2756;112.0905;0
119;0;.;.;.;112.0905;2;.;1;6.25;6.25;1;1;2;22.2;.;55;0.094474;7.2756;112.0905;0
119;30;.;.;.;912.525;2;.;1;6.25;6.25;1;1;2;23.8;912.525;55;0.094474;7.2756;112.0905;0
119;28;.;.;.;877.23;2;.;1;6.25;6.25;1;1;2;23;877.23;55;0.094474;7.2756;112.0905;0
119;25;.;.;.;592.012;2;.;1;6.25;6.25;1;1;2;22.6;592.012;55;0.094474;7.2756;112.0905;0
119;21;.;.;.;459.418;2;.;1;6.25;6.25;1;1;2;23.3;459.418;55;0.094474;7.2756;112.0905;0
119;18;.;.;.;439.6155;2;.;1;6.25;6.25;1;1;2;21.5;439.6155;55;0.094474;7.2756;112.0905;0
119;23;.;.;.;439.002;2;.;1;6.25;6.25;1;1;2;22.2;439.002;55;0.094474;7.2756;112.0905;0
119;16;.;.;.;423.7735;2;.;1;6.25;6.25;1;1;2;22.1;423.7735;55;0.094474;7.2756;112.0905;0
119;14;.;.;.;419.813;2;.;1;6.25;6.25;1;1;2;21.6;419.813;55;0.094474;7.2756;112.0905;0
119;11;.;.;.;394.944;2;.;1;6.25;6.25;1;1;2;21.1;394.944;55;0.094474;7.2756;112.0905;0
119;9;.;.;.;235.2;2;.;1;6.25;6.25;1;1;2;22.8;235.2;55;0.094474;7.2756;112.0905;0
119;7;.;.;.;210.392;2;.;1;6.25;6.25;1;1;2;21.8;210.392;55;0.094474;7.2756;112.0905;0
119;4;.;.;.;169.984;2;.;1;6.25;6.25;1;1;2;22.1;169.984;55;0.094474;7.2756;112.0905;0
119;2;.;.;.;149.916;2;.;1;6.25;6.25;1;1;2;22.3;149.916;55;0.094474;7.2756;112.0905;0
122;3;600;.;.;.;.;.;1;25;25;1;1;2;24.3;.;55;0.13764;8.8922;102.602;0
122;4;600;2;1;.;.;.;1;25;25;1;1;2;23.6;.;55;0.13764;8.8922;102.602;0
122;7;600;1;1;.;.;.;1;25;25;1;1;2;23.5;.;55;0.13764;8.8922;102.602;0
122;9;575;1;1;.;.;.;1;25;25;1;1;2;23.4;.;55;0.13764;8.8922;102.602;0
122;11;575;2;1;.;.;.;1;25;25;1;1;2;22.8;.;55;0.13764;8.8922;102.602;0
122;14;625;1;1;.;.;.;1;25;25;1;1;2;24.6;.;55;0.13764;8.8922;102.602;0
122;16;600;.;.;.;.;.;1;25;25;1;1;2;23.5;.;55;0.13764;8.8922;102.602;0
122;0;.;.;.;102.602;2;.;1;25;25;1;1;2;23.2;.;55;0.13764;8.8922;102.602;0
122;30;.;.;.;742.5625;2;.;1;25;25;1;1;2;22.1;742.5625;55;0.13764;8.8922;102.602;0
122;28;.;.;.;723.168;2;.;1;25;25;1;1;2;21.7;723.168;55;0.13764;8.8922;102.602;0
122;25;.;.;.;620;2;.;1;25;25;1;1;2;21.8;620;55;0.13764;8.8922;102.602;0
122;23;.;.;.;536.9875;2;.;1;25;25;1;1;2;21.2;536.9875;55;0.13764;8.8922;102.602;0
122;21;.;.;.;491.8625;2;.;1;25;25;1;1;2;21;491.8625;55;0.13764;8.8922;102.602;0
122;18;.;.;.;384.592;2;.;1;25;25;1;1;2;22.6;384.592;55;0.13764;8.8922;102.602;0
122;16;.;.;.;358.706;2;.;1;25;25;1;1;2;23.5;358.706;55;0.13764;8.8922;102.602;0
122;14;.;.;.;350.4125;2;.;1;25;25;1;1;2;24.6;350.4125;55;0.13764;8.8922;102.602;0
122;11;.;.;.;306.5605;2;.;1;25;25;1;1;2;22.8;306.5605;55;0.13764;8.8922;102.602;0
122;7;.;.;.;271.4835;2;.;1;25;25;1;1;2;23.5;271.4835;55;0.13764;8.8922;102.602;0
122;9;.;.;.;271.4835;2;.;1;25;25;1;1;2;23.4;271.4835;55;0.13764;8.8922;102.602;0
122;4;.;.;.;178.596;2;.;1;25;25;1;1;2;23.6;178.596;55;0.13764;8.8922;102.602;0
122;2;.;.;.;147.875;2;.;1;25;25;1;1;2;24.3;147.875;55;0.13764;8.8922;102.602;0
124;0;.;.;.;132.9615;2;.;1;100;100;2;2;2;24.6;.;55;1.4066;3.9527;132.9615;0.0077169
124;3;2600;.;.;.;.;.;1;100;100;2;2;2;26;.;55;1.4066;3.9527;132.9615;0.0077169
124;4;2500;2;1;.;.;.;1;100;100;2;2;2;24.8;.;55;1.4066;3.9527;132.9615;0.0077169
124;7;2400;1;1;.;.;.;1;100;100;2;2;2;24.2;.;55;1.4066;3.9527;132.9615;0.0077169
124;9;2500;1;1;.;.;.;1;100;100;2;2;2;25.2;.;55;1.4066;3.9527;132.9615;0.0077169
124;11;2400;2;1;.;.;.;1;100;100;2;2;2;23.6;.;55;1.4066;3.9527;132.9615;0.0077169
124;14;2400;1;1;.;.;.;1;100;100;2;2;2;24;.;55;1.4066;3.9527;132.9615;0.0077169
124;16;2500;.;.;.;.;.;1;100;100;2;2;2;25;.;55;1.4066;3.9527;132.9615;0.0077169
124;25;.;.;.;240.944;2;.;1;100;100;2;2;2;18.3;240.944;55;1.4066;3.9527;132.9615;0.0077169
124;4;.;.;.;240.318;2;.;1;100;100;2;2;2;24.8;240.318;55;1.4066;3.9527;132.9615;0.0077169
124;2;.;.;.;147.456;2;.;1;100;100;2;2;2;26;147.456;55;1.4066;3.9527;132.9615;0.0077169
124;23;.;.;.;129.6;2;.;1;100;100;2;2;2;18.6;129.6;55;1.4066;3.9527;132.9615;0.0077169
124;7;.;.;.;119.072;2;.;1;100;100;2;2;2;24.2;119.072;55;1.4066;3.9527;132.9615;0.0077169
124;21;.;.;.;114.376;2;.;1;100;100;2;2;2;20.9;114.376;55;1.4066;3.9527;132.9615;0.0077169
124;9;.;.;.;70.227;2;.;1;100;100;2;2;2;25.2;70.227;55;1.4066;3.9527;132.9615;0.0077169
124;11;.;.;.;50.336;2;.;1;100;100;2;2;2;23.6;50.336;55;1.4066;3.9527;132.9615;0.0077169
124;14;.;.;.;36.8;2;.;1;100;100;2;2;2;24;36.8;55;1.4066;3.9527;132.9615;0.0077169
124;18;.;.;.;35.7435;2;.;1;100;100;2;2;2;24.2;35.7435;55;1.4066;3.9527;132.9615;0.0077169
124;16;.;.;.;32.49;2;.;1;100;100;2;2;2;25;32.49;55;1.4066;3.9527;132.9615;0.0077169
125;0;.;.;.;130.235;2;.;1;6.25;6.25;2;2;2;29.2;.;55;1.4063;7.2707;130.235;0.0077169
125;3;187.5;.;.;.;.;.;1;6.25;6.25;2;2;2;29.6;.;55;1.4063;7.2707;130.235;0.0077169
125;4;187.5;2;1;.;.;.;1;6.25;6.25;2;2;2;29.8;.;55;1.4063;7.2707;130.235;0.0077169
125;7;187.5;1;1;.;.;.;1;6.25;6.25;2;2;2;30.1;.;55;1.4063;7.2707;130.235;0.0077169
125;9;200;1;1;.;.;.;1;6.25;6.25;2;2;2;31.5;.;55;1.4063;7.2707;130.235;0.0077169
125;11;193.75;2;1;.;.;.;1;6.25;6.25;2;2;2;30.5;.;55;1.4063;7.2707;130.235;0.0077169
125;14;200;1;1;.;.;.;1;6.25;6.25;2;2;2;31.8;.;55;1.4063;7.2707;130.235;0.0077169
125;16;187.5;.;.;.;.;.;1;6.25;6.25;2;2;2;30.4;.;55;1.4063;7.2707;130.235;0.0077169
125;30;.;.;.;1783.6;2;.;1;6.25;6.25;2;2;2;29.7;1783.6;55;1.4063;7.2707;130.235;0.0077169
125;28;.;.;.;1562.912;2;.;1;6.25;6.25;2;2;2;30;1562.912;55;1.4063;7.2707;130.235;0.0077169
125;25;.;.;.;1384.448;2;.;1;6.25;6.25;2;2;2;29.5;1384.448;55;1.4063;7.2707;130.235;0.0077169
125;23;.;.;.;1290.32;2;.;1;6.25;6.25;2;2;2;29.6;1290.32;55;1.4063;7.2707;130.235;0.0077169
125;21;.;.;.;981.642;2;.;1;6.25;6.25;2;2;2;31;981.642;55;1.4063;7.2707;130.235;0.0077169
125;18;.;.;.;758.43;2;.;1;6.25;6.25;2;2;2;29.7;758.43;55;1.4063;7.2707;130.235;0.0077169
125;16;.;.;.;738.675;2;.;1;6.25;6.25;2;2;2;30.4;738.675;55;1.4063;7.2707;130.235;0.0077169
125;14;.;.;.;672.525;2;.;1;6.25;6.25;2;2;2;31.8;672.525;55;1.4063;7.2707;130.235;0.0077169
125;11;.;.;.;611.8875;2;.;1;6.25;6.25;2;2;2;30.5;611.8875;55;1.4063;7.2707;130.235;0.0077169
125;9;.;.;.;393.3475;2;.;1;6.25;6.25;2;2;2;31.5;393.3475;55;1.4063;7.2707;130.235;0.0077169
125;7;.;.;.;360.096;2;.;1;6.25;6.25;2;2;2;30.1;360.096;55;1.4063;7.2707;130.235;0.0077169
125;4;.;.;.;275.2;2;.;1;6.25;6.25;2;2;2;29.8;275.2;55;1.4063;7.2707;130.235;0.0077169
125;2;.;.;.;175.3375;2;.;1;6.25;6.25;2;2;2;29.6;175.3375;55;1.4063;7.2707;130.235;0.0077169
128;3;2900;.;.;.;.;.;1;100;100;1;1;2;29;.;55;0.1118;4.9209;124.468;0
128;4;2850;2;1;.;.;.;1;100;100;1;1;2;28.5;.;55;0.1118;4.9209;124.468;0
128;7;2600;1;1;.;.;.;1;100;100;1;1;2;25.9;.;55;0.1118;4.9209;124.468;0
128;14;2950;1;1;.;.;.;1;100;100;1;1;2;29.7;.;55;0.1118;4.9209;124.468;0
128;16;2750;.;.;.;.;.;1;100;100;1;1;2;27.5;.;55;0.1118;4.9209;124.468;0
128;0;.;.;.;124.468;2;.;1;100;100;1;1;2;28.2;.;55;0.1118;4.9209;124.468;0
128;30;.;.;.;445.5;2;.;1;100;100;1;1;2;30.9;445.5;55;0.1118;4.9209;124.468;0
128;4;.;.;.;354.025;2;.;1;100;100;1;1;2;28.5;354.025;55;0.1118;4.9209;124.468;0
128;28;.;.;.;342.924;2;.;1;100;100;1;1;2;30.2;342.924;55;0.1118;4.9209;124.468;0
128;25;.;.;.;234.4065;2;.;1;100;100;1;1;2;30.7;234.4065;55;0.1118;4.9209;124.468;0
128;23;.;.;.;207.1035;2;.;1;100;100;1;1;2;29.8;207.1035;55;0.1118;4.9209;124.468;0
128;2;.;.;.;202.3425;2;.;1;100;100;1;1;2;29;202.3425;55;0.1118;4.9209;124.468;0
128;14;.;.;.;189.486;2;.;1;100;100;1;1;2;29.7;189.486;55;0.1118;4.9209;124.468;0
128;21;.;.;.;155.682;2;.;1;100;100;1;1;2;28.9;155.682;55;0.1118;4.9209;124.468;0
128;16;.;.;.;141.398;2;.;1;100;100;1;1;2;27.5;141.398;55;0.1118;4.9209;124.468;0
128;18;.;.;.;120.6;2;.;1;100;100;1;1;2;24.8;120.6;55;0.1118;4.9209;124.468;0
128;7;.;.;.;80.631;2;.;1;100;100;1;1;2;25.9;80.631;55;0.1118;4.9209;124.468;0
128;11;.;.;.;78.03;2;.;1;100;100;1;1;2;27.8;78.03;55;0.1118;4.9209;124.468;0
128;9;.;.;.;71.5275;2;.;1;100;100;1;1;2;25.9;71.5275;55;0.1118;4.9209;124.468;0
129;3;725;.;.;.;.;.;1;25;25;1;1;2;28.8;.;55;0.13964;8.9522;75.429;0
129;4;725;2;1;.;.;.;1;25;25;1;1;2;29;.;55;0.13964;8.9522;75.429;0
129;7;700;1;1;.;.;.;1;25;25;1;1;2;28.4;.;55;0.13964;8.9522;75.429;0
129;9;700;1;1;.;.;.;1;25;25;1;1;2;27.5;.;55;0.13964;8.9522;75.429;0
129;11;675;2;1;.;.;.;1;25;25;1;1;2;26.5;.;55;0.13964;8.9522;75.429;0
129;14;700;1;1;.;.;.;1;25;25;1;1;2;28.2;.;55;0.13964;8.9522;75.429;0
129;16;700;.;.;.;.;.;1;25;25;1;1;2;27.9;.;55;0.13964;8.9522;75.429;0
129;0;.;.;.;75.429;2;.;1;25;25;1;1;2;27.6;.;55;0.13964;8.9522;75.429;0
129;30;.;.;.;760.384;2;.;1;25;25;1;1;2;30;760.384;55;0.13964;8.9522;75.429;0
129;28;.;.;.;746.496;2;.;1;25;25;1;1;2;30.2;746.496;55;0.13964;8.9522;75.429;0
129;25;.;.;.;571.392;2;.;1;25;25;1;1;2;29.1;571.392;55;0.13964;8.9522;75.429;0
129;23;.;.;.;523.45;2;.;1;25;25;1;1;2;29;523.45;55;0.13964;8.9522;75.429;0
129;21;.;.;.;412.5105;2;.;1;25;25;1;1;2;28.2;412.5105;55;0.13964;8.9522;75.429;0
129;18;.;.;.;262.848;2;.;1;25;25;1;1;2;27.5;262.848;55;0.13964;8.9522;75.429;0
129;14;.;.;.;253.125;2;.;1;25;25;1;1;2;28.2;253.125;55;0.13964;8.9522;75.429;0
129;16;.;.;.;226.845;2;.;1;25;25;1;1;2;27.9;226.845;55;0.13964;8.9522;75.429;0
129;11;.;.;.;204.723;2;.;1;25;25;1;1;2;26.5;204.723;55;0.13964;8.9522;75.429;0
129;9;.;.;.;160.7445;2;.;1;25;25;1;1;2;27.5;160.7445;55;0.13964;8.9522;75.429;0
129;7;.;.;.;148.8375;2;.;1;25;25;1;1;2;28.4;148.8375;55;0.13964;8.9522;75.429;0
129;4;.;.;.;138.384;2;.;1;25;25;1;1;2;29;138.384;55;0.13964;8.9522;75.429;0
129;2;.;.;.;119.164;2;.;1;25;25;1;1;2;28.8;119.164;55;0.13964;8.9522;75.429;0
130;0;.;.;.;98.3125;2;.;1;25;25;2;2;2;21;.;55;1.3998;3.9049;98.3125;0.0077169
130;3;525;.;.;.;.;.;1;25;25;2;2;2;21.4;.;55;1.3998;3.9049;98.3125;0.0077169
130;4;525;2;1;.;.;.;1;25;25;2;2;2;20.6;.;55;1.3998;3.9049;98.3125;0.0077169
130;7;500;1;1;.;.;.;1;25;25;2;2;2;20.3;.;55;1.3998;3.9049;98.3125;0.0077169
130;9;500;1;1;.;.;.;1;25;25;2;2;2;20.2;.;55;1.3998;3.9049;98.3125;0.0077169
130;11;500;2;1;.;.;.;1;25;25;2;2;2;19.5;.;55;1.3998;3.9049;98.3125;0.0077169
130;14;525;1;1;.;.;.;1;25;25;2;2;2;20.9;.;55;1.3998;3.9049;98.3125;0.0077169
130;16;500;.;.;.;.;.;1;25;25;2;2;2;20.4;.;55;1.3998;3.9049;98.3125;0.0077169
130;30;.;.;.;1199.9;2;.;1;25;25;2;2;2;22.3;1199.9;55;1.3998;3.9049;98.3125;0.0077169
130;28;.;.;.;724.722;2;.;1;25;25;2;2;2;21.5;724.722;55;1.3998;3.9049;98.3125;0.0077169
130;25;.;.;.;628.425;2;.;1;25;25;2;2;2;21.8;628.425;55;1.3998;3.9049;98.3125;0.0077169
130;23;.;.;.;600.288;2;.;1;25;25;2;2;2;21.6;600.288;55;1.3998;3.9049;98.3125;0.0077169
130;21;.;.;.;530.452;2;.;1;25;25;2;2;2;21.8;530.452;55;1.3998;3.9049;98.3125;0.0077169
130;18;.;.;.;305.0865;2;.;1;25;25;2;2;2;20.9;305.0865;55;1.3998;3.9049;98.3125;0.0077169
130;16;.;.;.;274.604;2;.;1;25;25;2;2;2;20.4;274.604;55;1.3998;3.9049;98.3125;0.0077169
130;14;.;.;.;254.144;2;.;1;25;25;2;2;2;20.9;254.144;55;1.3998;3.9049;98.3125;0.0077169
130;11;.;.;.;213.564;2;.;1;25;25;2;2;2;19.5;213.564;55;1.3998;3.9049;98.3125;0.0077169
130;9;.;.;.;189.0375;2;.;1;25;25;2;2;2;20.2;189.0375;55;1.3998;3.9049;98.3125;0.0077169
130;7;.;.;.;181.476;2;.;1;25;25;2;2;2;20.3;181.476;55;1.3998;3.9049;98.3125;0.0077169
130;4;.;.;.;159.3595;2;.;1;25;25;2;2;2;20.6;159.3595;55;1.3998;3.9049;98.3125;0.0077169
130;2;.;.;.;124.6535;2;.;1;25;25;2;2;2;21.4;124.6535;55;1.3998;3.9049;98.3125;0.0077169
131;3;162.5;.;.;.;.;.;1;6.25;6.25;1;1;2;26.4;.;55;0.094863;7.3637;104.3625;0
131;4;156.25;2;1;.;.;.;1;6.25;6.25;1;1;2;24.5;.;55;0.094863;7.3637;104.3625;0
131;7;156.25;1;1;.;.;.;1;6.25;6.25;1;1;2;24.8;.;55;0.094863;7.3637;104.3625;0
131;9;162.5;1;1;.;.;.;1;6.25;6.25;1;1;2;25.5;.;55;0.094863;7.3637;104.3625;0
131;11;143.75;2;1;.;.;.;1;6.25;6.25;1;1;2;23.3;.;55;0.094863;7.3637;104.3625;0
131;14;156.25;1;1;.;.;.;1;6.25;6.25;1;1;2;24.5;.;55;0.094863;7.3637;104.3625;0
131;16;156.25;.;.;.;.;.;1;6.25;6.25;1;1;2;25;.;55;0.094863;7.3637;104.3625;0
131;0;.;.;.;104.3625;2;.;1;6.25;6.25;1;1;2;25.8;.;55;0.094863;7.3637;104.3625;0
131;25;.;.;.;1886.466;2;.;1;6.25;6.25;1;1;2;25.8;1886.466;55;0.094863;7.3637;104.3625;0
131;23;.;.;.;1628.262;2;.;1;6.25;6.25;1;1;2;25.9;1628.262;55;0.094863;7.3637;104.3625;0
131;21;.;.;.;1360.45;2;.;1;6.25;6.25;1;1;2;25.8;1360.45;55;0.094863;7.3637;104.3625;0
131;18;.;.;.;1111.6385;2;.;1;6.25;6.25;1;1;2;24.2;1111.6385;55;0.094863;7.3637;104.3625;0
131;16;.;.;.;929.214;2;.;1;6.25;6.25;1;1;2;25;929.214;55;0.094863;7.3637;104.3625;0
131;14;.;.;.;896.724;2;.;1;6.25;6.25;1;1;2;24.5;896.724;55;0.094863;7.3637;104.3625;0
131;11;.;.;.;804.816;2;.;1;6.25;6.25;1;1;2;23.3;804.816;55;0.094863;7.3637;104.3625;0
131;9;.;.;.;595.448;2;.;1;6.25;6.25;1;1;2;25.5;595.448;55;0.094863;7.3637;104.3625;0
131;7;.;.;.;518.616;2;.;1;6.25;6.25;1;1;2;24.8;518.616;55;0.094863;7.3637;104.3625;0
131;4;.;.;.;298.5255;2;.;1;6.25;6.25;1;1;2;24.5;298.5255;55;0.094863;7.3637;104.3625;0
131;2;.;.;.;219.375;2;.;1;6.25;6.25;1;1;2;26.4;219.375;55;0.094863;7.3637;104.3625;0
132;0;.;.;.;117.2115;2;.;1;100;100;2;2;2;24.6;.;55;1.4063;3.5279;117.2115;0.0077169
132;3;2500;.;.;.;.;.;1;100;100;2;2;2;24.9;.;55;1.4063;3.5279;117.2115;0.0077169
132;4;2500;2;1;.;.;.;1;100;100;2;2;2;24.9;.;55;1.4063;3.5279;117.2115;0.0077169
132;7;2300;1;1;.;.;.;1;100;100;2;2;2;23.1;.;55;1.4063;3.5279;117.2115;0.0077169
132;9;2200;1;1;.;.;.;1;100;100;2;2;2;21.9;.;55;1.4063;3.5279;117.2115;0.0077169
132;11;2100;2;1;.;.;.;1;100;100;2;2;2;20.9;.;55;1.4063;3.5279;117.2115;0.0077169
132;14;2400;1;1;.;.;.;1;100;100;2;2;2;23.9;.;55;1.4063;3.5279;117.2115;0.0077169
132;16;2400;.;.;.;.;.;1;100;100;2;2;2;24;.;55;1.4063;3.5279;117.2115;0.0077169
132;30;.;.;.;537.824;2;.;1;100;100;2;2;2;25.2;537.824;55;1.4063;3.5279;117.2115;0.0077169
132;28;.;.;.;469.752;2;.;1;100;100;2;2;2;26;469.752;55;1.4063;3.5279;117.2115;0.0077169
132;25;.;.;.;338.688;2;.;1;100;100;2;2;2;27.1;338.688;55;1.4063;3.5279;117.2115;0.0077169
132;23;.;.;.;317.52;2;.;1;100;100;2;2;2;26.1;317.52;55;1.4063;3.5279;117.2115;0.0077169
132;21;.;.;.;249.444;2;.;1;100;100;2;2;2;25.8;249.444;55;1.4063;3.5279;117.2115;0.0077169
132;18;.;.;.;181.8045;2;.;1;100;100;2;2;2;24.3;181.8045;55;1.4063;3.5279;117.2115;0.0077169
132;4;.;.;.;161.172;2;.;1;100;100;2;2;2;24.9;161.172;55;1.4063;3.5279;117.2115;0.0077169
132;16;.;.;.;150.3815;2;.;1;100;100;2;2;2;24;150.3815;55;1.4063;3.5279;117.2115;0.0077169
132;2;.;.;.;135.8165;2;.;1;100;100;2;2;2;24.9;135.8165;55;1.4063;3.5279;117.2115;0.0077169
132;7;.;.;.;104.43;2;.;1;100;100;2;2;2;23.1;104.43;55;1.4063;3.5279;117.2115;0.0077169
132;14;.;.;.;60.306;2;.;1;100;100;2;2;2;23.9;60.306;55;1.4063;3.5279;117.2115;0.0077169
132;9;.;.;.;48.6;2;.;1;100;100;2;2;2;21.9;48.6;55;1.4063;3.5279;117.2115;0.0077169
132;11;.;.;.;40.344;2;.;1;100;100;2;2;2;20.9;40.344;55;1.4063;3.5279;117.2115;0.0077169
133;0;.;.;.;138.384;2;.;1;25;25;2;2;2;23.5;.;55;1.4011;3.3978;138.384;0.0077169
133;3;575;.;.;.;.;.;1;25;25;2;2;2;23.4;.;55;1.4011;3.3978;138.384;0.0077169
133;4;575;2;1;.;.;.;1;25;25;2;2;2;22.6;.;55;1.4011;3.3978;138.384;0.0077169
133;7;550;1;1;.;.;.;1;25;25;2;2;2;21.8;.;55;1.4011;3.3978;138.384;0.0077169
133;9;575;1;1;.;.;.;1;25;25;2;2;2;22.8;.;55;1.4011;3.3978;138.384;0.0077169
133;11;525;2;1;.;.;.;1;25;25;2;2;2;21.3;.;55;1.4011;3.3978;138.384;0.0077169
133;14;575;1;1;.;.;.;1;25;25;2;2;2;22.8;.;55;1.4011;3.3978;138.384;0.0077169
133;16;575;.;.;.;.;.;1;25;25;2;2;2;23;.;55;1.4011;3.3978;138.384;0.0077169
133;25;.;.;.;1854.816;2;.;1;25;25;2;2;2;21;1854.816;55;1.4011;3.3978;138.384;0.0077169
133;23;.;.;.;1504.1;2;.;1;25;25;2;2;2;21.8;1504.1;55;1.4011;3.3978;138.384;0.0077169
133;21;.;.;.;1431.126;2;.;1;25;25;2;2;2;21.9;1431.126;55;1.4011;3.3978;138.384;0.0077169
133;18;.;.;.;832.8065;2;.;1;25;25;2;2;2;21.5;832.8065;55;1.4011;3.3978;138.384;0.0077169
133;16;.;.;.;609.854;2;.;1;25;25;2;2;2;23;609.854;55;1.4011;3.3978;138.384;0.0077169
133;14;.;.;.;590.646;2;.;1;25;25;2;2;2;22.8;590.646;55;1.4011;3.3978;138.384;0.0077169
133;11;.;.;.;445.28;2;.;1;25;25;2;2;2;21.3;445.28;55;1.4011;3.3978;138.384;0.0077169
133;7;.;.;.;414.304;2;.;1;25;25;2;2;2;21.8;414.304;55;1.4011;3.3978;138.384;0.0077169
133;9;.;.;.;414.304;2;.;1;25;25;2;2;2;22.8;414.304;55;1.4011;3.3978;138.384;0.0077169
133;4;.;.;.;325.494;2;.;1;25;25;2;2;2;22.6;325.494;55;1.4011;3.3978;138.384;0.0077169
133;2;.;.;.;269.7695;2;.;1;25;25;2;2;2;23.4;269.7695;55;1.4011;3.3978;138.384;0.0077169
134;3;2350;.;.;.;.;.;1;100;100;1;1;2;23.3;.;55;0.13975;8.5411;87.48;0
134;4;2250;2;1;.;.;.;1;100;100;1;1;2;22.5;.;55;0.13975;8.5411;87.48;0
134;7;2150;1;1;.;.;.;1;100;100;1;1;2;21.3;.;55;0.13975;8.5411;87.48;0
134;14;2300;1;1;.;.;.;1;100;100;1;1;2;22.8;.;55;0.13975;8.5411;87.48;0
134;16;2100;.;.;.;.;.;1;100;100;1;1;2;21;.;55;0.13975;8.5411;87.48;0
134;0;.;.;.;87.48;2;.;1;100;100;1;1;2;22.6;.;55;0.13975;8.5411;87.48;0
134;30;.;.;.;342.216;2;.;1;100;100;1;1;2;24.1;342.216;55;0.13975;8.5411;87.48;0
134;28;.;.;.;300.8;2;.;1;100;100;1;1;2;23.8;300.8;55;0.13975;8.5411;87.48;0
134;25;.;.;.;242.592;2;.;1;100;100;1;1;2;24.5;242.592;55;0.13975;8.5411;87.48;0
134;23;.;.;.;183.9965;2;.;1;100;100;1;1;2;23.2;183.9965;55;0.13975;8.5411;87.48;0
134;14;.;.;.;151.552;2;.;1;100;100;1;1;2;22.8;151.552;55;0.13975;8.5411;87.48;0
134;16;.;.;.;142.228;2;.;1;100;100;1;1;2;21;142.228;55;0.13975;8.5411;87.48;0
134;4;.;.;.;131.4;2;.;1;100;100;1;1;2;22.5;131.4;55;0.13975;8.5411;87.48;0
134;2;.;.;.;114.376;2;.;1;100;100;1;1;2;23.3;114.376;55;0.13975;8.5411;87.48;0
134;18;.;.;.;109.6515;2;.;1;100;100;1;1;2;20;109.6515;55;0.13975;8.5411;87.48;0
134;21;.;.;.;109.6515;2;.;1;100;100;1;1;2;22.9;109.6515;55;0.13975;8.5411;87.48;0
134;7;.;.;.;89.376;2;.;1;100;100;1;1;2;21.3;89.376;55;0.13975;8.5411;87.48;0
134;9;.;.;.;67.228;2;.;1;100;100;1;1;2;20.3;67.228;55;0.13975;8.5411;87.48;0
134;11;.;.;.;57.6;2;.;1;100;100;1;1;2;20.3;57.6;55;0.13975;8.5411;87.48;0
136;3;0;.;.;.;.;.;1;0;0;2;0;2;26.2;.;55;1.4;3.87;118.5885;0.0077169
136;4;0;2;1;.;.;.;1;0;0;2;0;2;28.3;.;55;1.4;3.87;118.5885;0.0077169
136;7;0;1;1;.;.;.;1;0;0;2;0;2;28;.;55;1.4;3.87;118.5885;0.0077169
136;9;0;1;1;.;.;.;1;0;0;2;0;2;25.1;.;55;1.4;3.87;118.5885;0.0077169
136;11;0;2;1;.;.;.;1;0;0;2;0;2;22.9;.;55;1.4;3.87;118.5885;0.0077169
136;14;0;1;1;.;.;.;1;0;0;2;0;2;24.1;.;55;1.4;3.87;118.5885;0.0077169
136;16;0;.;.;.;.;.;1;0;0;2;0;2;23.9;.;55;1.4;3.87;118.5885;0.0077169
136;0;.;.;.;118.5885;2;.;1;0;0;2;0;2;25.4;.;55;1.4;3.87;118.5885;0.0077169
136;30;.;.;.;1459.3425;2;.;1;0;0;2;0;2;24.2;1459.3425;55;1.4;3.87;118.5885;0.0077169
136;28;.;.;.;1132.88;2;.;1;0;0;2;0;2;24.6;1132.88;55;1.4;3.87;118.5885;0.0077169
136;25;.;.;.;1104.558;2;.;1;0;0;2;0;2;24.7;1104.558;55;1.4;3.87;118.5885;0.0077169
136;23;.;.;.;852.9505;2;.;1;0;0;2;0;2;23.7;852.9505;55;1.4;3.87;118.5885;0.0077169
136;21;.;.;.;787.32;2;.;1;0;0;2;0;2;24;787.32;55;1.4;3.87;118.5885;0.0077169
136;18;.;.;.;721.287;2;.;1;0;0;2;0;2;23;721.287;55;1.4;3.87;118.5885;0.0077169
136;16;.;.;.;651.688;2;.;1;0;0;2;0;2;23.9;651.688;55;1.4;3.87;118.5885;0.0077169
136;14;.;.;.;534.1545;2;.;1;0;0;2;0;2;24.1;534.1545;55;1.4;3.87;118.5885;0.0077169
136;11;.;.;.;370.44;2;.;1;0;0;2;0;2;22.9;370.44;55;1.4;3.87;118.5885;0.0077169
136;7;.;.;.;302.6885;2;.;1;0;0;2;0;2;28;302.6885;55;1.4;3.87;118.5885;0.0077169
136;9;.;.;.;302.6885;2;.;1;0;0;2;0;2;25.1;302.6885;55;1.4;3.87;118.5885;0.0077169
136;4;.;.;.;229.992;2;.;1;0;0;2;0;2;28.3;229.992;55;1.4;3.87;118.5885;0.0077169
136;2;.;.;.;175.071;2;.;1;0;0;2;0;2;26.2;175.071;55;1.4;3.87;118.5885;0.0077169
137;3;2350;.;.;.;.;.;1;100;100;1;1;2;23.6;.;55;0.127;7.56;109.35;0
137;4;2250;2;1;.;.;.;1;100;100;1;1;2;22.5;.;55;0.127;7.56;109.35;0
137;7;2000;1;1;.;.;.;1;100;100;1;1;2;20;.;55;0.127;7.56;109.35;0
137;14;2300;1;1;.;.;.;1;100;100;1;1;2;23.1;.;55;0.127;7.56;109.35;0
137;16;2150;.;.;.;.;.;1;100;100;1;1;2;21.4;.;55;0.127;7.56;109.35;0
137;0;.;.;.;109.35;2;.;1;100;100;1;1;2;23;.;55;0.127;7.56;109.35;0
137;30;.;.;.;1175.836;2;.;1;100;100;1;1;2;25.2;1175.836;55;0.127;7.56;109.35;0
137;28;.;.;.;1071.648;2;.;1;100;100;1;1;2;25.1;1071.648;55;0.127;7.56;109.35;0
137;25;.;.;.;517.495;2;.;1;100;100;1;1;2;25.2;517.495;55;0.127;7.56;109.35;0
137;23;.;.;.;508.086;2;.;1;100;100;1;1;2;24.8;508.086;55;0.127;7.56;109.35;0
137;4;.;.;.;290.228;2;.;1;100;100;1;1;2;22.5;290.228;55;0.127;7.56;109.35;0
137;21;.;.;.;288.99;2;.;1;100;100;1;1;2;24.5;288.99;55;0.127;7.56;109.35;0
137;16;.;.;.;198.656;2;.;1;100;100;1;1;2;21.4;198.656;55;0.127;7.56;109.35;0
137;18;.;.;.;167.4;2;.;1;100;100;1;1;2;21.1;167.4;55;0.127;7.56;109.35;0
137;14;.;.;.;146.9795;2;.;1;100;100;1;1;2;23.1;146.9795;55;0.127;7.56;109.35;0
137;2;.;.;.;142.2;2;.;1;100;100;1;1;2;23.6;142.2;55;0.127;7.56;109.35;0
137;7;.;.;.;87.814;2;.;1;100;100;1;1;2;20;87.814;55;0.127;7.56;109.35;0
137;11;.;.;.;67.3745;2;.;1;100;100;1;1;2;20.2;67.3745;55;0.127;7.56;109.35;0
137;9;.;.;.;33.934;2;.;1;100;100;1;1;2;18.5;33.934;55;0.127;7.56;109.35;0
138;0;.;.;.;71.5275;2;.;1;6.25;6.25;2;2;2;26.6;.;55;1.4085;4.1972;71.5275;0.0077169
138;3;193.75;.;.;.;.;.;1;6.25;6.25;2;2;2;31.3;.;55;1.4085;4.1972;71.5275;0.0077169
138;4;168.75;2;1;.;.;.;1;6.25;6.25;2;2;2;26.9;.;55;1.4085;4.1972;71.5275;0.0077169
138;7;168.75;1;1;.;.;.;1;6.25;6.25;2;2;2;26.8;.;55;1.4085;4.1972;71.5275;0.0077169
138;9;175;1;1;.;.;.;1;6.25;6.25;2;2;2;27.5;.;55;1.4085;4.1972;71.5275;0.0077169
138;11;162.5;2;1;.;.;.;1;6.25;6.25;2;2;2;26.3;.;55;1.4085;4.1972;71.5275;0.0077169
138;14;175;1;1;.;.;.;1;6.25;6.25;2;2;2;27.5;.;55;1.4085;4.1972;71.5275;0.0077169
138;16;168.75;.;.;.;.;.;1;6.25;6.25;2;2;2;26.9;.;55;1.4085;4.1972;71.5275;0.0077169
138;30;.;.;.;451.25;2;.;1;6.25;6.25;2;2;2;26.6;451.25;55;1.4085;4.1972;71.5275;0.0077169
138;28;.;.;.;414.05;2;.;1;6.25;6.25;2;2;2;27;414.05;55;1.4085;4.1972;71.5275;0.0077169
138;25;.;.;.;383.328;2;.;1;6.25;6.25;2;2;2;28.9;383.328;55;1.4085;4.1972;71.5275;0.0077169
138;23;.;.;.;360.096;2;.;1;6.25;6.25;2;2;2;28.5;360.096;55;1.4085;4.1972;71.5275;0.0077169
138;21;.;.;.;265.2425;2;.;1;6.25;6.25;2;2;2;28.7;265.2425;55;1.4085;4.1972;71.5275;0.0077169
138;18;.;.;.;239.0625;2;.;1;6.25;6.25;2;2;2;26.7;239.0625;55;1.4085;4.1972;71.5275;0.0077169
138;16;.;.;.;227.8125;2;.;1;6.25;6.25;2;2;2;26.9;227.8125;55;1.4085;4.1972;71.5275;0.0077169
138;14;.;.;.;216.5625;2;.;1;6.25;6.25;2;2;2;27.5;216.5625;55;1.4085;4.1972;71.5275;0.0077169
138;9;.;.;.;196.992;2;.;1;6.25;6.25;2;2;2;27.5;196.992;55;1.4085;4.1972;71.5275;0.0077169
138;11;.;.;.;196.992;2;.;1;6.25;6.25;2;2;2;26.3;196.992;55;1.4085;4.1972;71.5275;0.0077169
138;7;.;.;.;191.808;2;.;1;6.25;6.25;2;2;2;26.8;191.808;55;1.4085;4.1972;71.5275;0.0077169
138;4;.;.;.;143.36;2;.;1;6.25;6.25;2;2;2;26.9;143.36;55;1.4085;4.1972;71.5275;0.0077169
138;2;.;.;.;87.808;2;.;1;6.25;6.25;2;2;2;31.3;87.808;55;1.4085;4.1972;71.5275;0.0077169
139;3;150;.;.;.;.;.;1;6.25;6.25;1;1;2;23.5;.;55;0.12764;8.2588;86.2125;0
139;4;143.75;2;1;.;.;.;1;6.25;6.25;1;1;2;22.5;.;55;0.12764;8.2588;86.2125;0
139;7;143.75;1;1;.;.;.;1;6.25;6.25;1;1;2;22.6;.;55;0.12764;8.2588;86.2125;0
139;9;143.75;1;1;.;.;.;1;6.25;6.25;1;1;2;22.8;.;55;0.12764;8.2588;86.2125;0
139;11;137.5;2;1;.;.;.;1;6.25;6.25;1;1;2;21.7;.;55;0.12764;8.2588;86.2125;0
139;14;143.75;1;1;.;.;.;1;6.25;6.25;1;1;2;22.9;.;55;0.12764;8.2588;86.2125;0
139;16;150;.;.;.;.;.;1;6.25;6.25;1;1;2;23.8;.;55;0.12764;8.2588;86.2125;0
139;0;.;.;.;86.2125;2;.;1;6.25;6.25;1;1;2;22.7;.;55;0.12764;8.2588;86.2125;0
139;30;.;.;.;2359.742;2;.;1;6.25;6.25;1;1;2;23.7;2359.742;55;0.12764;8.2588;86.2125;0
139;28;.;.;.;2075.7935;2;.;1;6.25;6.25;1;1;2;23.8;2075.7935;55;0.12764;8.2588;86.2125;0
139;25;.;.;.;1460.9375;2;.;1;6.25;6.25;1;1;2;24.3;1460.9375;55;0.12764;8.2588;86.2125;0
139;23;.;.;.;1412.964;2;.;1;6.25;6.25;1;1;2;23.7;1412.964;55;0.12764;8.2588;86.2125;0
139;21;.;.;.;1190.72;2;.;1;6.25;6.25;1;1;2;24;1190.72;55;0.12764;8.2588;86.2125;0
139;18;.;.;.;810.7;2;.;1;6.25;6.25;1;1;2;23.4;810.7;55;0.12764;8.2588;86.2125;0
139;16;.;.;.;699.84;2;.;1;6.25;6.25;1;1;2;23.8;699.84;55;0.12764;8.2588;86.2125;0
139;14;.;.;.;643.552;2;.;1;6.25;6.25;1;1;2;22.9;643.552;55;0.12764;8.2588;86.2125;0
139;11;.;.;.;405;2;.;1;6.25;6.25;1;1;2;21.7;405;55;0.12764;8.2588;86.2125;0
139;9;.;.;.;380.7;2;.;1;6.25;6.25;1;1;2;22.8;380.7;55;0.12764;8.2588;86.2125;0
139;7;.;.;.;355.743;2;.;1;6.25;6.25;1;1;2;22.6;355.743;55;0.12764;8.2588;86.2125;0
139;4;.;.;.;205.35;2;.;1;6.25;6.25;1;1;2;22.5;205.35;55;0.12764;8.2588;86.2125;0
139;2;.;.;.;106.1705;2;.;1;6.25;6.25;1;1;2;23.5;106.1705;55;0.12764;8.2588;86.2125;0
140;3;0;.;.;.;.;.;1;0;0;2;0;2;23.6;.;55;1.4;3.87;79.3305;0.0077169
140;4;0;2;1;.;.;.;1;0;0;2;0;2;23.6;.;55;1.4;3.87;79.3305;0.0077169
140;7;0;1;1;.;.;.;1;0;0;2;0;2;24.4;.;55;1.4;3.87;79.3305;0.0077169
140;9;0;1;1;.;.;.;1;0;0;2;0;2;25;.;55;1.4;3.87;79.3305;0.0077169
140;11;0;2;1;.;.;.;1;0;0;2;0;2;23.5;.;55;1.4;3.87;79.3305;0.0077169
140;14;0;1;1;.;.;.;1;0;0;2;0;2;24.8;.;55;1.4;3.87;79.3305;0.0077169
140;16;0;.;.;.;.;.;1;0;0;2;0;2;24.3;.;55;1.4;3.87;79.3305;0.0077169
140;0;.;.;.;79.3305;2;.;1;0;0;2;0;2;22.7;.;55;1.4;3.87;79.3305;0.0077169
140;30;.;.;.;2122.582;2;.;1;0;0;2;0;2;24.1;2122.582;55;1.4;3.87;79.3305;0.0077169
140;28;.;.;.;1992.144;2;.;1;0;0;2;0;2;24.7;1992.144;55;1.4;3.87;79.3305;0.0077169
140;25;.;.;.;1097.675;2;.;1;0;0;2;0;2;24.8;1097.675;55;1.4;3.87;79.3305;0.0077169
140;23;.;.;.;857.304;2;.;1;0;0;2;0;2;23.7;857.304;55;1.4;3.87;79.3305;0.0077169
140;21;.;.;.;808.992;2;.;1;0;0;2;0;2;23.3;808.992;55;1.4;3.87;79.3305;0.0077169
140;18;.;.;.;556.668;2;.;1;0;0;2;0;2;23.8;556.668;55;1.4;3.87;79.3305;0.0077169
140;16;.;.;.;480.298;2;.;1;0;0;2;0;2;24.3;480.298;55;1.4;3.87;79.3305;0.0077169
140;14;.;.;.;419.05;2;.;1;0;0;2;0;2;24.8;419.05;55;1.4;3.87;79.3305;0.0077169
140;11;.;.;.;355.2;2;.;1;0;0;2;0;2;23.5;355.2;55;1.4;3.87;79.3305;0.0077169
140;9;.;.;.;345.744;2;.;1;0;0;2;0;2;25;345.744;55;1.4;3.87;79.3305;0.0077169
140;7;.;.;.;261.121;2;.;1;0;0;2;0;2;24.4;261.121;55;1.4;3.87;79.3305;0.0077169
140;4;.;.;.;146.072;2;.;1;0;0;2;0;2;23.6;146.072;55;1.4;3.87;79.3305;0.0077169
140;2;.;.;.;126.852;2;.;1;0;0;2;0;2;23.6;126.852;55;1.4;3.87;79.3305;0.0077169
147;3;2700;.;.;.;.;.;1;100;100;1;1;2;26.8;.;55;0.127;7.56;87.079;0
147;4;2500;2;1;.;.;.;1;100;100;1;1;2;25.1;.;55;0.127;7.56;87.079;0
147;7;2350;1;1;.;.;.;1;100;100;1;1;2;23.7;.;55;0.127;7.56;87.079;0
147;14;2650;1;1;.;.;.;1;100;100;1;1;2;26.3;.;55;0.127;7.56;87.079;0
147;16;2500;.;.;.;.;.;1;100;100;1;1;2;25.1;.;55;0.127;7.56;87.079;0
147;0;.;.;.;87.079;2;.;1;100;100;1;1;2;26.1;.;55;0.127;7.56;87.079;0
147;30;.;.;.;866.2375;2;.;1;100;100;1;1;2;27.5;866.2375;55;0.127;7.56;87.079;0
147;28;.;.;.;651.688;2;.;1;100;100;1;1;2;27.6;651.688;55;0.127;7.56;87.079;0
147;25;.;.;.;435.655;2;.;1;100;100;1;1;2;28.7;435.655;55;0.127;7.56;87.079;0
147;23;.;.;.;363.968;2;.;1;100;100;1;1;2;28.3;363.968;55;0.127;7.56;87.079;0
147;21;.;.;.;235.468;2;.;1;100;100;1;1;2;28.7;235.468;55;0.127;7.56;87.079;0
147;4;.;.;.;177.45;2;.;1;100;100;1;1;2;25.1;177.45;55;0.127;7.56;87.079;0
147;2;.;.;.;136.462;2;.;1;100;100;1;1;2;26.8;136.462;55;0.127;7.56;87.079;0
147;18;.;.;.;97.344;2;.;1;100;100;1;1;2;26.2;97.344;55;0.127;7.56;87.079;0
147;14;.;.;.;83.824;2;.;1;100;100;1;1;2;26.3;83.824;55;0.127;7.56;87.079;0
147;16;.;.;.;79.768;2;.;1;100;100;1;1;2;25.1;79.768;55;0.127;7.56;87.079;0
147;7;.;.;.;65.1655;2;.;1;100;100;1;1;2;23.7;65.1655;55;0.127;7.56;87.079;0
147;11;.;.;.;56.144;2;.;1;100;100;1;1;2;24.1;56.144;55;0.127;7.56;87.079;0
147;9;.;.;.;11.2995;2;.;1;100;100;1;1;2;22.8;11.2995;55;0.127;7.56;87.079;0
149;0;.;.;.;75.843;2;.;1;25;25;2;2;2;22.7;.;55;1.4043;4.478;75.843;0.0077169
149;3;575;.;.;.;.;.;1;25;25;2;2;2;23;.;55;1.4043;4.478;75.843;0.0077169
149;4;550;2;1;.;.;.;1;25;25;2;2;2;22.1;.;55;1.4043;4.478;75.843;0.0077169
149;7;575;1;1;.;.;.;1;25;25;2;2;2;22.9;.;55;1.4043;4.478;75.843;0.0077169
149;9;575;1;1;.;.;.;1;25;25;2;2;2;23.4;.;55;1.4043;4.478;75.843;0.0077169
149;11;550;2;1;.;.;.;1;25;25;2;2;2;22.2;.;55;1.4043;4.478;75.843;0.0077169
149;14;600;1;1;.;.;.;1;25;25;2;2;2;23.7;.;55;1.4043;4.478;75.843;0.0077169
149;16;600;.;.;.;.;.;1;25;25;2;2;2;23.6;.;55;1.4043;4.478;75.843;0.0077169
149;30;.;.;.;1986.9895;2;.;1;25;25;2;2;2;24.9;1986.9895;55;1.4043;4.478;75.843;0.0077169
149;28;.;.;.;1585.575;2;.;1;25;25;2;2;2;24.9;1585.575;55;1.4043;4.478;75.843;0.0077169
149;25;.;.;.;1470.3;2;.;1;25;25;2;2;2;25.4;1470.3;55;1.4043;4.478;75.843;0.0077169
149;23;.;.;.;1134.806;2;.;1;25;25;2;2;2;25;1134.806;55;1.4043;4.478;75.843;0.0077169
149;21;.;.;.;903.222;2;.;1;25;25;2;2;2;24.9;903.222;55;1.4043;4.478;75.843;0.0077169
149;18;.;.;.;609.854;2;.;1;25;25;2;2;2;23.6;609.854;55;1.4043;4.478;75.843;0.0077169
149;16;.;.;.;583.358;2;.;1;25;25;2;2;2;23.6;583.358;55;1.4043;4.478;75.843;0.0077169
149;14;.;.;.;393.7625;2;.;1;25;25;2;2;2;23.7;393.7625;55;1.4043;4.478;75.843;0.0077169
149;11;.;.;.;254.016;2;.;1;25;25;2;2;2;22.2;254.016;55;1.4043;4.478;75.843;0.0077169
149;9;.;.;.;202.005;2;.;1;25;25;2;2;2;23.4;202.005;55;1.4043;4.478;75.843;0.0077169
149;7;.;.;.;188.538;2;.;1;25;25;2;2;2;22.9;188.538;55;1.4043;4.478;75.843;0.0077169
149;4;.;.;.;146.202;2;.;1;25;25;2;2;2;22.1;146.202;55;1.4043;4.478;75.843;0.0077169
149;2;.;.;.;85.176;2;.;1;25;25;2;2;2;23;85.176;55;1.4043;4.478;75.843;0.0077169
155;3;0;.;.;.;.;.;1;0;0;2;0;2;27.3;.;55;1.4;3.87;105.875;0.0077169
155;4;0;2;1;.;.;.;1;0;0;2;0;2;27.5;.;55;1.4;3.87;105.875;0.0077169
155;7;0;1;1;.;.;.;1;0;0;2;0;2;28.2;.;55;1.4;3.87;105.875;0.0077169
155;9;0;1;1;.;.;.;1;0;0;2;0;2;28.7;.;55;1.4;3.87;105.875;0.0077169
155;11;0;2;1;.;.;.;1;0;0;2;0;2;27.9;.;55;1.4;3.87;105.875;0.0077169
155;14;0;1;1;.;.;.;1;0;0;2;0;2;28.6;.;55;1.4;3.87;105.875;0.0077169
155;16;0;.;.;.;.;.;1;0;0;2;0;2;29;.;55;1.4;3.87;105.875;0.0077169
155;0;.;.;.;105.875;2;.;1;0;0;2;0;2;26;.;55;1.4;3.87;105.875;0.0077169
155;25;.;.;.;2251.08;2;.;1;0;0;2;0;2;29.6;2251.08;55;1.4;3.87;105.875;0.0077169
155;21;.;.;.;1724.05;2;.;1;0;0;2;0;2;28.9;1724.05;55;1.4;3.87;105.875;0.0077169
155;23;.;.;.;1637.784;2;.;1;0;0;2;0;2;28.5;1637.784;55;1.4;3.87;105.875;0.0077169
155;18;.;.;.;1516.6985;2;.;1;0;0;2;0;2;28;1516.6985;55;1.4;3.87;105.875;0.0077169
155;16;.;.;.;1494.954;2;.;1;0;0;2;0;2;29;1494.954;55;1.4;3.87;105.875;0.0077169
155;14;.;.;.;816.48;2;.;1;0;0;2;0;2;28.6;816.48;55;1.4;3.87;105.875;0.0077169
155;11;.;.;.;730.08;2;.;1;0;0;2;0;2;27.9;730.08;55;1.4;3.87;105.875;0.0077169
155;9;.;.;.;692.224;2;.;1;0;0;2;0;2;28.7;692.224;55;1.4;3.87;105.875;0.0077169
155;7;.;.;.;648.96;2;.;1;0;0;2;0;2;28.2;648.96;55;1.4;3.87;105.875;0.0077169
155;4;.;.;.;356.328;2;.;1;0;0;2;0;2;27.5;356.328;55;1.4;3.87;105.875;0.0077169
155;2;.;.;.;167.706;2;.;1;0;0;2;0;2;27.3;167.706;55;1.4;3.87;105.875;0.0077169
156;0;.;.;.;97.47;2;.;1;6.25;6.25;2;2;2;29.4;.;55;1.4048;3.951;97.47;0.0077169
156;3;187.5;.;.;.;.;.;1;6.25;6.25;2;2;2;30.1;.;55;1.4048;3.951;97.47;0.0077169
156;4;181.25;2;1;.;.;.;1;6.25;6.25;2;2;2;29.4;.;55;1.4048;3.951;97.47;0.0077169
156;7;187.5;1;1;.;.;.;1;6.25;6.25;2;2;2;30.2;.;55;1.4048;3.951;97.47;0.0077169
156;9;187.5;1;1;.;.;.;1;6.25;6.25;2;2;2;30.4;.;55;1.4048;3.951;97.47;0.0077169
156;11;181.25;2;1;.;.;.;1;6.25;6.25;2;2;2;29.1;.;55;1.4048;3.951;97.47;0.0077169
156;14;181.25;1;1;.;.;.;1;6.25;6.25;2;2;2;29.2;.;55;1.4048;3.951;97.47;0.0077169
156;16;181.25;.;.;.;.;.;1;6.25;6.25;2;2;2;29.3;.;55;1.4048;3.951;97.47;0.0077169
156;30;.;.;.;1139.9085;2;.;1;6.25;6.25;2;2;2;30.2;1139.9085;55;1.4048;3.951;97.47;0.0077169
156;28;.;.;.;995.588;2;.;1;6.25;6.25;2;2;2;29.8;995.588;55;1.4048;3.951;97.47;0.0077169
156;25;.;.;.;972;2;.;1;6.25;6.25;2;2;2;29.4;972;55;1.4048;3.951;97.47;0.0077169
156;23;.;.;.;914.4;2;.;1;6.25;6.25;2;2;2;29.8;914.4;55;1.4048;3.951;97.47;0.0077169
156;21;.;.;.;686.816;2;.;1;6.25;6.25;2;2;2;29.9;686.816;55;1.4048;3.951;97.47;0.0077169
156;18;.;.;.;494.816;2;.;1;6.25;6.25;2;2;2;28.7;494.816;55;1.4048;3.951;97.47;0.0077169
156;16;.;.;.;403.971;2;.;1;6.25;6.25;2;2;2;29.3;403.971;55;1.4048;3.951;97.47;0.0077169
156;14;.;.;.;290.2065;2;.;1;6.25;6.25;2;2;2;29.2;290.2065;55;1.4048;3.951;97.47;0.0077169
156;11;.;.;.;271.4835;2;.;1;6.25;6.25;2;2;2;29.1;271.4835;55;1.4048;3.951;97.47;0.0077169
156;9;.;.;.;211.722;2;.;1;6.25;6.25;2;2;2;30.4;211.722;55;1.4048;3.951;97.47;0.0077169
156;7;.;.;.;188.538;2;.;1;6.25;6.25;2;2;2;30.2;188.538;55;1.4048;3.951;97.47;0.0077169
156;4;.;.;.;172.062;2;.;1;6.25;6.25;2;2;2;29.4;172.062;55;1.4048;3.951;97.47;0.0077169
156;2;.;.;.;167.706;2;.;1;6.25;6.25;2;2;2;30.1;167.706;55;1.4048;3.951;97.47;0.0077169
157;3;2600;.;.;.;.;.;1;100;100;2;2;2;26;.;55;1.4002;3.6764;77.5;0.0077169
157;4;2400;2;1;.;.;.;1;100;100;2;2;2;24.4;.;55;1.4002;3.6764;77.5;0.0077169
157;7;2400;1;1;.;.;.;1;100;100;2;2;2;23.8;.;55;1.4002;3.6764;77.5;0.0077169
157;9;2400;1;1;.;.;.;1;100;100;2;2;2;24;.;55;1.4002;3.6764;77.5;0.0077169
157;11;2200;2;1;.;.;.;1;100;100;2;2;2;22.1;.;55;1.4002;3.6764;77.5;0.0077169
157;14;2400;1;1;.;.;.;1;100;100;2;2;2;23.5;.;55;1.4002;3.6764;77.5;0.0077169
157;16;2300;.;.;.;.;.;1;100;100;2;2;2;23;.;55;1.4002;3.6764;77.5;0.0077169
157;0;.;.;.;77.5;2;.;1;100;100;2;2;2;25.7;.;55;1.4002;3.6764;77.5;0.0077169
157;4;.;.;.;152.1;2;.;1;100;100;2;2;2;24.4;152.1;55;1.4002;3.6764;77.5;0.0077169
157;2;.;.;.;129.6;2;.;1;100;100;2;2;2;26;129.6;55;1.4002;3.6764;77.5;0.0077169
157;7;.;.;.;66.27;2;.;1;100;100;2;2;2;23.8;66.27;55;1.4002;3.6764;77.5;0.0077169
157;9;.;.;.;25.432;2;.;1;100;100;2;2;2;24;25.432;55;1.4002;3.6764;77.5;0.0077169
157;11;.;.;.;13.5;2;.;1;100;100;2;2;2;22.1;13.5;55;1.4002;3.6764;77.5;0.0077169
157;14;.;.;.;6;2;.;1;100;100;2;2;2;23.5;6;55;1.4002;3.6764;77.5;0.0077169
161;3;156.25;.;.;.;.;.;1;6.25;6.25;1;1;2;24.8;.;55;0.13352;8.2143;102.602;0
161;4;156.25;2;1;.;.;.;1;6.25;6.25;1;1;2;24.8;.;55;0.13352;8.2143;102.602;0
161;7;156.25;1;1;.;.;.;1;6.25;6.25;1;1;2;25.2;.;55;0.13352;8.2143;102.602;0
161;9;162.5;1;1;.;.;.;1;6.25;6.25;1;1;2;25.7;.;55;0.13352;8.2143;102.602;0
161;11;150;2;1;.;.;.;1;6.25;6.25;1;1;2;23.9;.;55;0.13352;8.2143;102.602;0
161;14;162.5;1;1;.;.;.;1;6.25;6.25;1;1;2;25.5;.;55;0.13352;8.2143;102.602;0
161;16;162.5;.;.;.;.;.;1;6.25;6.25;1;1;2;26.1;.;55;0.13352;8.2143;102.602;0
161;0;.;.;.;102.602;2;.;1;6.25;6.25;1;1;2;24.4;.;55;0.13352;8.2143;102.602;0
161;30;.;.;.;2156.544;2;.;1;6.25;6.25;1;1;2;27.8;2156.544;55;0.13352;8.2143;102.602;0
161;28;.;.;.;1912.779;2;.;1;6.25;6.25;1;1;2;27.6;1912.779;55;0.13352;8.2143;102.602;0
161;25;.;.;.;1639.1385;2;.;1;6.25;6.25;1;1;2;26.6;1639.1385;55;0.13352;8.2143;102.602;0
161;23;.;.;.;1391.868;2;.;1;6.25;6.25;1;1;2;26.3;1391.868;55;0.13352;8.2143;102.602;0
161;21;.;.;.;1320.3125;2;.;1;6.25;6.25;1;1;2;27;1320.3125;55;0.13352;8.2143;102.602;0
161;18;.;.;.;912.525;2;.;1;6.25;6.25;1;1;2;25.4;912.525;55;0.13352;8.2143;102.602;0
161;16;.;.;.;810.7;2;.;1;6.25;6.25;1;1;2;26.1;810.7;55;0.13352;8.2143;102.602;0
161;14;.;.;.;634.644;2;.;1;6.25;6.25;1;1;2;25.5;634.644;55;0.13352;8.2143;102.602;0
161;11;.;.;.;608.634;2;.;1;6.25;6.25;1;1;2;23.9;608.634;55;0.13352;8.2143;102.602;0
161;9;.;.;.;489.804;2;.;1;6.25;6.25;1;1;2;25.7;489.804;55;0.13352;8.2143;102.602;0
161;7;.;.;.;336.518;2;.;1;6.25;6.25;1;1;2;25.2;336.518;55;0.13352;8.2143;102.602;0
161;4;.;.;.;234.476;2;.;1;6.25;6.25;1;1;2;24.8;234.476;55;0.13352;8.2143;102.602;0
161;2;.;.;.;119.422;2;.;1;6.25;6.25;1;1;2;24.8;119.422;55;0.13352;8.2143;102.602;0
162;3;162.5;.;.;.;.;.;1;6.25;6.25;1;1;2;26.1;.;55;0.13689;8.5213;103.488;0
162;4;156.25;2;1;.;.;.;1;6.25;6.25;1;1;2;25.2;.;55;0.13689;8.5213;103.488;0
162;7;150;1;1;.;.;.;1;6.25;6.25;1;1;2;24.3;.;55;0.13689;8.5213;103.488;0
162;9;156.25;1;1;.;.;.;1;6.25;6.25;1;1;2;24.5;.;55;0.13689;8.5213;103.488;0
162;11;143.75;2;1;.;.;.;1;6.25;6.25;1;1;2;22.6;.;55;0.13689;8.5213;103.488;0
162;14;150;1;1;.;.;.;1;6.25;6.25;1;1;2;24;.;55;0.13689;8.5213;103.488;0
162;16;156.25;.;.;.;.;.;1;6.25;6.25;1;1;2;24.7;.;55;0.13689;8.5213;103.488;0
162;0;.;.;.;103.488;2;.;1;6.25;6.25;1;1;2;25.6;.;55;0.13689;8.5213;103.488;0
162;30;.;.;.;651.7665;2;.;1;6.25;6.25;1;1;2;25.9;651.7665;55;0.13689;8.5213;103.488;0
162;28;.;.;.;585;2;.;1;6.25;6.25;1;1;2;25.3;585;55;0.13689;8.5213;103.488;0
162;21;.;.;.;490.398;2;.;1;6.25;6.25;1;1;2;24.2;490.398;55;0.13689;8.5213;103.488;0
162;25;.;.;.;432.666;2;.;1;6.25;6.25;1;1;2;24.5;432.666;55;0.13689;8.5213;103.488;0
162;23;.;.;.;425.27;2;.;1;6.25;6.25;1;1;2;24.5;425.27;55;0.13689;8.5213;103.488;0
162;16;.;.;.;336;2;.;1;6.25;6.25;1;1;2;24.7;336;55;0.13689;8.5213;103.488;0
162;18;.;.;.;336;2;.;1;6.25;6.25;1;1;2;23.4;336;55;0.13689;8.5213;103.488;0
162;14;.;.;.;288.99;2;.;1;6.25;6.25;1;1;2;24;288.99;55;0.13689;8.5213;103.488;0
162;11;.;.;.;237.1405;2;.;1;6.25;6.25;1;1;2;22.6;237.1405;55;0.13689;8.5213;103.488;0
162;7;.;.;.;220.32;2;.;1;6.25;6.25;1;1;2;24.3;220.32;55;0.13689;8.5213;103.488;0
162;9;.;.;.;220.32;2;.;1;6.25;6.25;1;1;2;24.5;220.32;55;0.13689;8.5213;103.488;0
162;4;.;.;.;153.6;2;.;1;6.25;6.25;1;1;2;25.2;153.6;55;0.13689;8.5213;103.488;0
162;2;.;.;.;130.977;2;.;1;6.25;6.25;1;1;2;26.1;130.977;55;0.13689;8.5213;103.488;0
163;3;625;.;.;.;.;.;1;25;25;1;1;2;25.1;.;55;0.11103;4.8648;60.025;0
163;4;600;2;1;.;.;.;1;25;25;1;1;2;24.4;.;55;0.11103;4.8648;60.025;0
163;7;625;1;1;.;.;.;1;25;25;1;1;2;24.6;.;55;0.11103;4.8648;60.025;0
163;9;625;1;1;.;.;.;1;25;25;1;1;2;24.6;.;55;0.11103;4.8648;60.025;0
163;11;575;2;1;.;.;.;1;25;25;1;1;2;23.4;.;55;0.11103;4.8648;60.025;0
163;14;600;1;1;.;.;.;1;25;25;1;1;2;24;.;55;0.11103;4.8648;60.025;0
163;16;600;.;.;.;.;.;1;25;25;1;1;2;23.5;.;55;0.11103;4.8648;60.025;0
163;0;.;.;.;60.025;2;.;1;25;25;1;1;2;24;.;55;0.11103;4.8648;60.025;0
163;30;.;.;.;451.497;2;.;1;25;25;1;1;2;26;451.497;55;0.11103;4.8648;60.025;0
163;28;.;.;.;344.4525;2;.;1;25;25;1;1;2;24.9;344.4525;55;0.11103;4.8648;60.025;0
163;25;.;.;.;247.7985;2;.;1;25;25;1;1;2;25.1;247.7985;55;0.11103;4.8648;60.025;0
163;21;.;.;.;194.0785;2;.;1;25;25;1;1;2;24;194.0785;55;0.11103;4.8648;60.025;0
163;23;.;.;.;190.7825;2;.;1;25;25;1;1;2;24;190.7825;55;0.11103;4.8648;60.025;0
163;14;.;.;.;171.1125;2;.;1;25;25;1;1;2;24;171.1125;55;0.11103;4.8648;60.025;0
163;18;.;.;.;140.306;2;.;1;25;25;1;1;2;23.6;140.306;55;0.11103;4.8648;60.025;0
163;11;.;.;.;135;2;.;1;25;25;1;1;2;23.4;135;55;0.11103;4.8648;60.025;0
163;4;.;.;.;127.8;2;.;1;25;25;1;1;2;24.4;127.8;55;0.11103;4.8648;60.025;0
163;7;.;.;.;119.422;2;.;1;25;25;1;1;2;24.6;119.422;55;0.11103;4.8648;60.025;0
163;16;.;.;.;119.422;2;.;1;25;25;1;1;2;23.5;119.422;55;0.11103;4.8648;60.025;0
163;9;.;.;.;117.74;2;.;1;25;25;1;1;2;24.6;117.74;55;0.11103;4.8648;60.025;0
163;2;.;.;.;78.03;2;.;1;25;25;1;1;2;25.1;78.03;55;0.11103;4.8648;60.025;0
164;3;625;.;.;.;.;.;1;25;25;2;2;2;24.9;.;55;1.407;4.5397;88.4835;0.0077169
164;4;625;2;1;.;.;.;1;25;25;2;2;2;24.8;.;55;1.407;4.5397;88.4835;0.0077169
164;7;600;1;1;.;.;.;1;25;25;2;2;2;24.2;.;55;1.407;4.5397;88.4835;0.0077169
164;9;625;1;1;.;.;.;1;25;25;2;2;2;24.6;.;55;1.407;4.5397;88.4835;0.0077169
164;11;600;2;1;.;.;.;1;25;25;2;2;2;23.5;.;55;1.407;4.5397;88.4835;0.0077169
164;14;600;1;1;.;.;.;1;25;25;2;2;2;24.2;.;55;1.407;4.5397;88.4835;0.0077169
164;16;625;.;.;.;.;.;1;25;25;2;2;2;24.5;.;55;1.407;4.5397;88.4835;0.0077169
164;0;.;.;.;88.4835;2;.;1;25;25;2;2;2;24.5;.;55;1.407;4.5397;88.4835;0.0077169
164;30;.;.;.;410.478;2;.;1;25;25;2;2;2;27;410.478;55;1.407;4.5397;88.4835;0.0077169
164;28;.;.;.;391.608;2;.;1;25;25;2;2;2;26.4;391.608;55;1.407;4.5397;88.4835;0.0077169
164;25;.;.;.;299.6715;2;.;1;25;25;2;2;2;26.1;299.6715;55;1.407;4.5397;88.4835;0.0077169
164;23;.;.;.;264.654;2;.;1;25;25;2;2;2;25.9;264.654;55;1.407;4.5397;88.4835;0.0077169
164;21;.;.;.;233.4375;2;.;1;25;25;2;2;2;25.6;233.4375;55;1.407;4.5397;88.4835;0.0077169
164;18;.;.;.;215.136;2;.;1;25;25;2;2;2;23.5;215.136;55;1.407;4.5397;88.4835;0.0077169
164;14;.;.;.;169.0155;2;.;1;25;25;2;2;2;24.2;169.0155;55;1.407;4.5397;88.4835;0.0077169
164;16;.;.;.;169.0155;2;.;1;25;25;2;2;2;24.5;169.0155;55;1.407;4.5397;88.4835;0.0077169
164;9;.;.;.;164.152;2;.;1;25;25;2;2;2;24.6;164.152;55;1.407;4.5397;88.4835;0.0077169
164;11;.;.;.;164.152;2;.;1;25;25;2;2;2;23.5;164.152;55;1.407;4.5397;88.4835;0.0077169
164;7;.;.;.;159.528;2;.;1;25;25;2;2;2;24.2;159.528;55;1.407;4.5397;88.4835;0.0077169
164;4;.;.;.;150.282;2;.;1;25;25;2;2;2;24.8;150.282;55;1.407;4.5397;88.4835;0.0077169
164;2;.;.;.;104.3625;2;.;1;25;25;2;2;2;24.9;104.3625;55;1.407;4.5397;88.4835;0.0077169
165;0;.;.;.;82.8655;2;.;1;6.25;6.25;2;2;2;23;.;55;1.4011;3.22;82.8655;0.0077169
165;3;150;.;.;.;.;.;1;6.25;6.25;2;2;2;23.8;.;55;1.4011;3.22;82.8655;0.0077169
165;4;150;2;1;.;.;.;1;6.25;6.25;2;2;2;24.3;.;55;1.4011;3.22;82.8655;0.0077169
165;7;150;1;1;.;.;.;1;6.25;6.25;2;2;2;24;.;55;1.4011;3.22;82.8655;0.0077169
165;9;156.25;1;1;.;.;.;1;6.25;6.25;2;2;2;24.6;.;55;1.4011;3.22;82.8655;0.0077169
165;11;143.75;2;1;.;.;.;1;6.25;6.25;2;2;2;23.2;.;55;1.4011;3.22;82.8655;0.0077169
165;14;156.25;1;1;.;.;.;1;6.25;6.25;2;2;2;24.6;.;55;1.4011;3.22;82.8655;0.0077169
165;16;150;.;.;.;.;.;1;6.25;6.25;2;2;2;24.4;.;55;1.4011;3.22;82.8655;0.0077169
165;30;.;.;.;1752.32;2;.;1;6.25;6.25;2;2;2;26.9;1752.32;55;1.4011;3.22;82.8655;0.0077169
165;28;.;.;.;1366.875;2;.;1;6.25;6.25;2;2;2;26.1;1366.875;55;1.4011;3.22;82.8655;0.0077169
165;25;.;.;.;1105.92;2;.;1;6.25;6.25;2;2;2;26;1105.92;55;1.4011;3.22;82.8655;0.0077169
165;23;.;.;.;903.474;2;.;1;6.25;6.25;2;2;2;25.7;903.474;55;1.4011;3.22;82.8655;0.0077169
165;21;.;.;.;846.4;2;.;1;6.25;6.25;2;2;2;25.5;846.4;55;1.4011;3.22;82.8655;0.0077169
165;18;.;.;.;472.384;2;.;1;6.25;6.25;2;2;2;24.5;472.384;55;1.4011;3.22;82.8655;0.0077169
165;16;.;.;.;437.536;2;.;1;6.25;6.25;2;2;2;24.4;437.536;55;1.4011;3.22;82.8655;0.0077169
165;14;.;.;.;404.6;2;.;1;6.25;6.25;2;2;2;24.6;404.6;55;1.4011;3.22;82.8655;0.0077169
165;11;.;.;.;340.704;2;.;1;6.25;6.25;2;2;2;23.2;340.704;55;1.4011;3.22;82.8655;0.0077169
165;9;.;.;.;284.592;2;.;1;6.25;6.25;2;2;2;24.6;284.592;55;1.4011;3.22;82.8655;0.0077169
165;7;.;.;.;254.144;2;.;1;6.25;6.25;2;2;2;24;254.144;55;1.4011;3.22;82.8655;0.0077169
165;4;.;.;.;205.35;2;.;1;6.25;6.25;2;2;2;24.3;205.35;55;1.4011;3.22;82.8655;0.0077169
165;2;.;.;.;99.144;2;.;1;6.25;6.25;2;2;2;23.8;99.144;55;1.4011;3.22;82.8655;0.0077169
167;3;675;.;.;.;.;.;1;25;25;1;1;2;27.4;.;55;0.13657;7.6687;195.201;0
167;4;700;2;1;.;.;.;1;25;25;1;1;2;27.6;.;55;0.13657;7.6687;195.201;0
167;7;700;1;1;.;.;.;1;25;25;1;1;2;28.2;.;55;0.13657;7.6687;195.201;0
167;9;700;1;1;.;.;.;1;25;25;1;1;2;28.3;.;55;0.13657;7.6687;195.201;0
167;11;675;2;1;.;.;.;1;25;25;1;1;2;26.6;.;55;0.13657;7.6687;195.201;0
167;14;675;1;1;.;.;.;1;25;25;1;1;2;26.6;.;55;0.13657;7.6687;195.201;0
167;16;675;.;.;.;.;.;1;25;25;1;1;2;27.4;.;55;0.13657;7.6687;195.201;0
167;0;.;.;.;195.201;2;.;1;25;25;1;1;2;27;.;55;0.13657;7.6687;195.201;0
167;30;.;.;.;2083.401;2;.;1;25;25;1;1;2;28.9;2083.401;55;0.13657;7.6687;195.201;0
167;25;.;.;.;1428.768;2;.;1;25;25;1;1;2;29.2;1428.768;55;0.13657;7.6687;195.201;0
167;28;.;.;.;1414.485;2;.;1;25;25;1;1;2;29.6;1414.485;55;0.13657;7.6687;195.201;0
167;23;.;.;.;1284.4;2;.;1;25;25;1;1;2;28.5;1284.4;55;0.13657;7.6687;195.201;0
167;21;.;.;.;1094.4;2;.;1;25;25;1;1;2;28.7;1094.4;55;0.13657;7.6687;195.201;0
167;18;.;.;.;970.0285;2;.;1;25;25;1;1;2;26.8;970.0285;55;0.13657;7.6687;195.201;0
167;16;.;.;.;817.216;2;.;1;25;25;1;1;2;27.4;817.216;55;0.13657;7.6687;195.201;0
167;14;.;.;.;689.0625;2;.;1;25;25;1;1;2;26.6;689.0625;55;0.13657;7.6687;195.201;0
167;9;.;.;.;600.25;2;.;1;25;25;1;1;2;28.3;600.25;55;0.13657;7.6687;195.201;0
167;11;.;.;.;600.25;2;.;1;25;25;1;1;2;26.6;600.25;55;0.13657;7.6687;195.201;0
167;7;.;.;.;569.2445;2;.;1;25;25;1;1;2;28.2;569.2445;55;0.13657;7.6687;195.201;0
167;4;.;.;.;341.172;2;.;1;25;25;1;1;2;27.6;341.172;55;0.13657;7.6687;195.201;0
167;2;.;.;.;288.8;2;.;1;25;25;1;1;2;27.4;288.8;55;0.13657;7.6687;195.201;0
169;3;0;.;.;.;.;.;1;0;0;2;0;2;26.8;.;55;1.4;3.87;123.008;0.0077169
169;4;0;2;1;.;.;.;1;0;0;2;0;2;26.2;.;55;1.4;3.87;123.008;0.0077169
169;7;0;1;1;.;.;.;1;0;0;2;0;2;26.2;.;55;1.4;3.87;123.008;0.0077169
169;9;0;1;1;.;.;.;1;0;0;2;0;2;27.3;.;55;1.4;3.87;123.008;0.0077169
169;11;0;2;1;.;.;.;1;0;0;2;0;2;26.6;.;55;1.4;3.87;123.008;0.0077169
169;14;0;1;1;.;.;.;1;0;0;2;0;2;28;.;55;1.4;3.87;123.008;0.0077169
169;16;0;.;.;.;.;.;1;0;0;2;0;2;27.6;.;55;1.4;3.87;123.008;0.0077169
169;0;.;.;.;123.008;2;.;1;0;0;2;0;2;26.9;.;55;1.4;3.87;123.008;0.0077169
169;30;.;.;.;746.9865;2;.;1;0;0;2;0;2;28;746.9865;55;1.4;3.87;123.008;0.0077169
169;28;.;.;.;714.618;2;.;1;0;0;2;0;2;27.5;714.618;55;1.4;3.87;123.008;0.0077169
169;25;.;.;.;635.4195;2;.;1;0;0;2;0;2;28.6;635.4195;55;1.4;3.87;123.008;0.0077169
169;23;.;.;.;539.055;2;.;1;0;0;2;0;2;27.4;539.055;55;1.4;3.87;123.008;0.0077169
169;21;.;.;.;479.859;2;.;1;0;0;2;0;2;27.9;479.859;55;1.4;3.87;123.008;0.0077169
169;18;.;.;.;392.85;2;.;1;0;0;2;0;2;26.6;392.85;55;1.4;3.87;123.008;0.0077169
169;16;.;.;.;356.445;2;.;1;0;0;2;0;2;27.6;356.445;55;1.4;3.87;123.008;0.0077169
169;14;.;.;.;333.036;2;.;1;0;0;2;0;2;28;333.036;55;1.4;3.87;123.008;0.0077169
169;11;.;.;.;278.8425;2;.;1;0;0;2;0;2;26.6;278.8425;55;1.4;3.87;123.008;0.0077169
169;9;.;.;.;246.0535;2;.;1;0;0;2;0;2;27.3;246.0535;55;1.4;3.87;123.008;0.0077169
169;7;.;.;.;205.1665;2;.;1;0;0;2;0;2;26.2;205.1665;55;1.4;3.87;123.008;0.0077169
169;4;.;.;.;176.4;2;.;1;0;0;2;0;2;26.2;176.4;55;1.4;3.87;123.008;0.0077169
169;2;.;.;.;128.774;2;.;1;0;0;2;0;2;26.8;128.774;55;1.4;3.87;123.008;0.0077169
170;3;0;.;.;.;.;.;1;0;0;2;0;2;27.7;.;55;1.4;3.87;80.0565;0.0077169
170;4;0;2;1;.;.;.;1;0;0;2;0;2;27.9;.;55;1.4;3.87;80.0565;0.0077169
170;7;0;1;1;.;.;.;1;0;0;2;0;2;28.8;.;55;1.4;3.87;80.0565;0.0077169
170;9;0;1;1;.;.;.;1;0;0;2;0;2;29.3;.;55;1.4;3.87;80.0565;0.0077169
170;11;0;2;1;.;.;.;1;0;0;2;0;2;28.6;.;55;1.4;3.87;80.0565;0.0077169
170;14;0;1;1;.;.;.;1;0;0;2;0;2;29.5;.;55;1.4;3.87;80.0565;0.0077169
170;16;0;.;.;.;.;.;1;0;0;2;0;2;28.9;.;55;1.4;3.87;80.0565;0.0077169
170;0;.;.;.;80.0565;2;.;1;0;0;2;0;2;28.3;.;55;1.4;3.87;80.0565;0.0077169
170;30;.;.;.;620.6265;2;.;1;0;0;2;0;2;27.5;620.6265;55;1.4;3.87;80.0565;0.0077169
170;28;.;.;.;566.1555;2;.;1;0;0;2;0;2;28.5;566.1555;55;1.4;3.87;80.0565;0.0077169
170;25;.;.;.;439.6155;2;.;1;0;0;2;0;2;28.7;439.6155;55;1.4;3.87;80.0565;0.0077169
170;23;.;.;.;418.176;2;.;1;0;0;2;0;2;27.3;418.176;55;1.4;3.87;80.0565;0.0077169
170;21;.;.;.;368.3265;2;.;1;0;0;2;0;2;28.7;368.3265;55;1.4;3.87;80.0565;0.0077169
170;18;.;.;.;305.0865;2;.;1;0;0;2;0;2;26.8;305.0865;55;1.4;3.87;80.0565;0.0077169
170;16;.;.;.;246.402;2;.;1;0;0;2;0;2;28.9;246.402;55;1.4;3.87;80.0565;0.0077169
170;14;.;.;.;204.1605;2;.;1;0;0;2;0;2;29.5;204.1605;55;1.4;3.87;80.0565;0.0077169
170;11;.;.;.;194.0785;2;.;1;0;0;2;0;2;28.6;194.0785;55;1.4;3.87;80.0565;0.0077169
170;9;.;.;.;176.157;2;.;1;0;0;2;0;2;29.3;176.157;55;1.4;3.87;80.0565;0.0077169
170;7;.;.;.;158.994;2;.;1;0;0;2;0;2;28.8;158.994;55;1.4;3.87;80.0565;0.0077169
170;4;.;.;.;109.33;2;.;1;0;0;2;0;2;27.9;109.33;55;1.4;3.87;80.0565;0.0077169
170;2;.;.;.;94.221;2;.;1;0;0;2;0;2;27.7;94.221;55;1.4;3.87;80.0565;0.0077169
