#ID;TIME;DOSE;ADDL;II;Y;YTYPE;CENS;CELL LINE;DOSE GROUP;DRUG;EXPERIMENT;TUMOR SIZE;BW
6;0;.;.;.;.;.;.;1;100;1;2;68.75;24.2
6;2;.;.;.;.;.;.;1;100;1;2;75.429;24.7
6;3;2450;.;.;.;.;.;1;100;1;2;75.429;24.7
6;4;.;.;.;.;.;.;1;100;1;2;115.351;23.6
6;4;2350;2;1;.;.;.;1;100;1;2;115.351;23.6
6;7;.;.;.;.;.;.;1;100;1;2;34.2225;21.2
6;7;2100;1;1;.;.;.;1;100;1;2;34.2225;21.2
6;9;.;.;.;.;.;.;1;100;1;2;10.3125;19
6;11;.;.;.;.;.;.;1;100;1;2;9.464;19.5
6;14;.;.;.;.;.;.;1;100;1;2;44.982;23
6;14;2300;1;1;.;.;.;1;100;1;2;44.982;23
6;14.02083333;.;.;.;8460;1;.;1;100;1;2;44.982;23
6;16;.;.;.;.;.;.;1;100;1;2;46.464;21.1
6;16;2100;.;.;.;.;.;1;100;1;2;46.464;21.1
6;18;.;.;.;.;.;.;1;100;1;2;45.496;20.4
6;21;.;.;.;.;.;.;1;100;1;2;60.025;24
6;23;.;.;.;.;.;.;1;100;1;2;90.944;23.7
6;25;.;.;.;.;.;.;1;100;1;2;139.264;25.3
6;28;.;.;.;.;.;.;1;100;1;2;189.0375;25
6;30;.;.;.;.;.;.;1;100;1;2;219.375;24.9
11;0;.;.;.;.;.;.;1;100;1;2;343.914;33
11;2;.;.;.;.;.;.;1;100;1;2;382.925;32.9
11;3;3300;.;.;.;.;.;1;100;1;2;382.925;32.9
11;4;.;.;.;.;.;.;1;100;1;2;481.562;31.2
11;4;3100;2;1;.;.;.;1;100;1;2;481.562;31.2
11;7;.;.;.;.;.;.;1;100;1;2;244.6875;28.8
11;7;2900;1;1;.;.;.;1;100;1;2;244.6875;28.8
11;9;.;.;.;.;.;.;1;100;1;2;109.6515;25.1
11;11;.;.;.;.;.;.;1;100;1;2;85.6745;23.8
28;0;.;.;.;.;.;.;1;100;1;2;62.9565;24.3
28;2;.;.;.;.;.;.;1;100;1;2;112.694;24.4
28;3;2450;.;.;.;.;.;1;100;1;2;112.694;24.4
28;4;.;.;.;.;.;.;1;100;1;2;157.696;23.5
28;4;2350;2;1;.;.;.;1;100;1;2;157.696;23.5
28;7;.;.;.;.;.;.;1;100;1;2;43.4515;21
28;7;2100;1;1;.;.;.;1;100;1;2;43.4515;21
28;9;.;.;.;.;.;.;1;100;1;2;16.2;19.8
28;11;.;.;.;.;.;.;1;100;1;2;18.513;19.8
28;14;.;.;.;.;.;.;1;100;1;2;28.0645;23.4
28;14;2350;1;1;.;.;.;1;100;1;2;28.0645;23.4
28;14.03958333;.;.;.;15700;1;.;1;100;1;2;28.0645;23.4
28;16;.;.;.;.;.;.;1;100;1;2;13.328;22.3
28;16;2250;.;.;.;.;.;1;100;1;2;13.328;22.3
28;18;.;.;.;.;.;.;1;100;1;2;0.05;22.1
28;21;.;.;.;.;.;.;1;100;1;2;17.92;27.2
28;23;.;.;.;.;.;.;1;100;1;2;119.164;25.9
28;25;.;.;.;.;.;.;1;100;1;2;207.36;26.4
28;28;.;.;.;.;.;.;1;100;1;2;316.894;24.8
28;30;.;.;.;.;.;.;1;100;1;2;294.4;25.3
67;0;.;.;.;.;.;.;1;100;1;2;186.2;28.5
67;2;.;.;.;.;.;.;1;100;1;2;207.831;28.3
67;3;2850;.;.;.;.;.;1;100;1;2;207.831;28.3
67;4;.;.;.;.;.;.;1;100;1;2;282.408;27.4
67;4;2750;2;1;.;.;.;1;100;1;2;282.408;27.4
67;7;.;.;.;.;.;.;1;100;1;2;77.2475;24.7
67;7;2450;1;1;.;.;.;1;100;1;2;77.2475;24.7
67;9;.;.;.;.;.;.;1;100;1;2;28.0645;22.1
67;11;.;.;.;.;.;.;1;100;1;2;23.698;23.4
67;14;.;.;.;.;.;.;1;100;1;2;83.824;26.5
67;14;2650;1;1;.;.;.;1;100;1;2;83.824;26.5
67;14.01319444;.;.;.;4410;1;.;1;100;1;2;83.824;26.5
67;16;.;.;.;.;.;.;1;100;1;2;64.512;25.6
67;16;2550;.;.;.;.;.;1;100;1;2;64.512;25.6
67;18;.;.;.;.;.;.;1;100;1;2;67.228;24.4
67;21;.;.;.;.;.;.;1;100;1;2;112.694;29.5
67;23;.;.;.;.;.;.;1;100;1;2;208.088;29
67;25;.;.;.;.;.;.;1;100;1;2;303.408;29.9
67;28;.;.;.;.;.;.;1;100;1;2;530;30.9
67;30;.;.;.;.;.;.;1;100;1;2;605.696;30
128;0;.;.;.;.;.;.;1;100;1;2;124.468;28.2
128;2;.;.;.;.;.;.;1;100;1;2;202.3425;29
128;3;2900;.;.;.;.;.;1;100;1;2;202.3425;29
128;4;.;.;.;.;.;.;1;100;1;2;354.025;28.5
128;4;2850;2;1;.;.;.;1;100;1;2;354.025;28.5
128;7;.;.;.;.;.;.;1;100;1;2;80.631;25.9
128;7;2600;1;1;.;.;.;1;100;1;2;80.631;25.9
128;9;.;.;.;.;.;.;1;100;1;2;71.5275;25.9
128;11;.;.;.;.;.;.;1;100;1;2;78.03;27.8
128;14;.;.;.;.;.;.;1;100;1;2;189.486;29.7
128;14;2950;1;1;.;.;.;1;100;1;2;189.486;29.7
128;14.41597222;.;.;.;6100;1;.;1;100;1;2;189.486;29.7
128;16;.;.;.;.;.;.;1;100;1;2;141.398;27.5
128;16;2750;.;.;.;.;.;1;100;1;2;141.398;27.5
128;18;.;.;.;.;.;.;1;100;1;2;120.6;24.8
128;21;.;.;.;.;.;.;1;100;1;2;155.682;28.9
128;23;.;.;.;.;.;.;1;100;1;2;207.1035;29.8
128;25;.;.;.;.;.;.;1;100;1;2;234.4065;30.7
128;28;.;.;.;.;.;.;1;100;1;2;342.924;30.2
128;30;.;.;.;.;.;.;1;100;1;2;445.5;30.9
134;0;.;.;.;.;.;.;1;100;1;2;87.48;22.6
134;2;.;.;.;.;.;.;1;100;1;2;114.376;23.3
134;3;2350;.;.;.;.;.;1;100;1;2;114.376;23.3
134;4;.;.;.;.;.;.;1;100;1;2;131.4;22.5
134;4;2250;2;1;.;.;.;1;100;1;2;131.4;22.5
134;7;.;.;.;.;.;.;1;100;1;2;89.376;21.3
134;7;2150;1;1;.;.;.;1;100;1;2;89.376;21.3
134;9;.;.;.;.;.;.;1;100;1;2;67.228;20.3
134;11;.;.;.;.;.;.;1;100;1;2;57.6;20.3
134;14;.;.;.;.;.;.;1;100;1;2;151.552;22.8
134;14;2300;1;1;.;.;.;1;100;1;2;151.552;22.8
134;14.10486111;.;.;.;5980;1;.;1;100;1;2;151.552;22.8
134;16;.;.;.;.;.;.;1;100;1;2;142.228;21
134;16;2100;.;.;.;.;.;1;100;1;2;142.228;21
134;18;.;.;.;.;.;.;1;100;1;2;109.6515;20
134;21;.;.;.;.;.;.;1;100;1;2;109.6515;22.9
134;23;.;.;.;.;.;.;1;100;1;2;183.9965;23.2
134;25;.;.;.;.;.;.;1;100;1;2;242.592;24.5
134;28;.;.;.;.;.;.;1;100;1;2;300.8;23.8
134;30;.;.;.;.;.;.;1;100;1;2;342.216;24.1
34;0;.;.;.;.;.;.;1;25;1;2;165.292;27.7
34;2;.;.;.;.;.;.;1;25;1;2;217.328;26.9
34;3;675;.;.;.;.;.;1;25;1;2;217.328;26.9
34;4;.;.;.;.;.;.;1;25;1;2;292.5;28
34;4;700;2;1;.;.;.;1;25;1;2;292.5;28
34;7;.;.;.;.;.;.;1;25;1;2;389.2285;27.7
34;7;700;1;1;.;.;.;1;25;1;2;389.2285;27.7
34;9;.;.;.;.;.;.;1;25;1;2;396.1175;27.9
34;9;700;1;1;.;.;.;1;25;1;2;396.1175;27.9
34;10.01875;.;.;.;3500;1;.;1;25;1;2;396.1175;27.9
34;11;.;.;.;.;.;.;1;25;1;2;571.392;26.6
34;11;675;2;1;.;.;.;1;25;1;2;571.392;26.6
34;14;.;.;.;.;.;.;1;25;1;2;595.448;27.2
34;14;675;1;1;.;.;.;1;25;1;2;595.448;27.2
34;15.99375;.;.;.;0.952;1;1;1;25;1;2;595.448;27.1
34;16;.;.;.;.;.;.;1;25;1;2;633.864;27.1
34;16;675;.;.;.;.;.;1;25;1;2;633.864;27.1
34;18;.;.;.;.;.;.;1;25;1;2;814.61;27
34;21;.;.;.;.;.;.;1;25;1;2;1064.6125;27
34;23;.;.;.;.;.;.;1;25;1;2;1196.6045;26.9
34;25;.;.;.;.;.;.;1;25;1;2;1368.464;26.4
34;28;.;.;.;.;.;.;1;25;1;2;1521;26.2
34;30;.;.;.;.;.;.;1;25;1;2;1618.5435;27
52;0;.;.;.;.;.;.;1;25;1;2;205.35;24.5
52;2;.;.;.;.;.;.;1;25;1;2;191.808;26.2
52;3;650;.;.;.;.;.;1;25;1;2;191.808;26.2
52;4;.;.;.;.;.;.;1;25;1;2;278.8425;25.2
52;4;625;2;1;.;.;.;1;25;1;2;278.8425;25.2
52;7;.;.;.;.;.;.;1;25;1;2;301.806;25.8
52;7;650;1;1;.;.;.;1;25;1;2;301.806;25.8
52;9;.;.;.;.;.;.;1;25;1;2;379.456;25.9
52;9;650;1;1;.;.;.;1;25;1;2;379.456;25.9
52;9.995833333;.;.;.;8.06;1;.;1;25;1;2;379.456;25.9
52;11;.;.;.;.;.;.;1;25;1;2;520;24.9
52;11;625;2;1;.;.;.;1;25;1;2;520;24.9
52;14;.;.;.;.;.;.;1;25;1;2;629.695;25.5
52;14;650;1;1;.;.;.;1;25;1;2;629.695;25.5
52;16;.;.;.;.;.;.;1;25;1;2;746.496;26.4
52;16;650;.;.;.;.;.;1;25;1;2;746.496;26.4
52;16.99930556;.;.;.;0.952;1;1;1;25;1;2;746.496;26.4
52;18;.;.;.;.;.;.;1;25;1;2;831.744;25.6
52;21;.;.;.;.;.;.;1;25;1;2;939.87;26.8
52;23;.;.;.;.;.;.;1;25;1;2;1078.125;26.7
52;25;.;.;.;.;.;.;1;25;1;2;1130.496;27.6
52;28;.;.;.;.;.;.;1;25;1;2;1228.392;27.9
52;30;.;.;.;.;.;.;1;25;1;2;1379.742;27
91;0;.;.;.;.;.;.;1;25;1;2;128.3745;26.1
91;2;.;.;.;.;.;.;1;25;1;2;135.8165;25.4
91;3;625;.;.;.;.;.;1;25;1;2;135.8165;25.4
91;4;.;.;.;.;.;.;1;25;1;2;222.912;25
91;4;625;2;1;.;.;.;1;25;1;2;222.912;25
91;7;.;.;.;.;.;.;1;25;1;2;204.768;26.4
91;7;650;1;1;.;.;.;1;25;1;2;204.768;26.4
91;9;.;.;.;.;.;.;1;25;1;2;243.089;26.5
91;9;675;1;1;.;.;.;1;25;1;2;243.089;26.5
91;10.04375;.;.;.;4340;1;.;1;25;1;2;243.089;26.5
91;11;.;.;.;.;.;.;1;25;1;2;294.4;25.1
91;11;625;2;1;.;.;.;1;25;1;2;294.4;25.1
91;14;.;.;.;.;.;.;1;25;1;2;301.806;25.8
91;14;650;1;1;.;.;.;1;25;1;2;301.806;25.8
91;16;.;.;.;.;.;.;1;25;1;2;349.272;26.7
91;16;675;.;.;.;.;.;1;25;1;2;349.272;26.7
91;16.10277778;.;.;.;1970;1;.;1;25;1;2;349.272;26.7
91;18;.;.;.;.;.;.;1;25;1;2;437.382;25.5
91;21;.;.;.;.;.;.;1;25;1;2;562.277;26
91;23;.;.;.;.;.;.;1;25;1;2;794.7045;26.5
91;25;.;.;.;.;.;.;1;25;1;2;958.9855;25.2
91;28;.;.;.;.;.;.;1;25;1;2;1182.762;25.1
91;30;.;.;.;.;.;.;1;25;1;2;1201.6105;25
108;0;.;.;.;.;.;.;1;25;1;2;87.808;25.8
108;2;.;.;.;.;.;.;1;25;1;2;107.911;26.1
108;3;650;.;.;.;.;.;1;25;1;2;107.911;26.1
108;4;.;.;.;.;.;.;1;25;1;2;192.8205;25.1
108;4;625;2;1;.;.;.;1;25;1;2;192.8205;25.1
108;7;.;.;.;.;.;.;1;25;1;2;185.679;25.3
108;7;625;1;1;.;.;.;1;25;1;2;185.679;25.3
108;9;.;.;.;.;.;.;1;25;1;2;197.5815;25.1
108;9;625;1;1;.;.;.;1;25;1;2;197.5815;25.1
108;10.01041667;.;.;.;2380;1;.;1;25;1;2;197.5815;25.1
108;11;.;.;.;.;.;.;1;25;1;2;281.6;24.7
108;11;625;2;1;.;.;.;1;25;1;2;281.6;24.7
108;14;.;.;.;.;.;.;1;25;1;2;320.3385;27.1
108;14;675;1;1;.;.;.;1;25;1;2;320.3385;27.1
108;16;.;.;.;.;.;.;1;25;1;2;467.046;27.1
108;16;675;.;.;.;.;.;1;25;1;2;467.046;27.1
108;16.41666667;.;.;.;326;1;.;1;25;1;2;467.046;27.1
108;18;.;.;.;.;.;.;1;25;1;2;491.8625;24.8
108;21;.;.;.;.;.;.;1;25;1;2;505.4;25.3
108;23;.;.;.;.;.;.;1;25;1;2;768.35;24.6
108;25;.;.;.;.;.;.;1;25;1;2;912.525;22
108;28;.;.;.;.;.;.;1;25;1;2;962.948;21.9
108;30;.;.;.;.;.;.;1;25;1;2;1019.592;22.6
122;0;.;.;.;.;.;.;1;25;1;2;102.602;23.2
122;2;.;.;.;.;.;.;1;25;1;2;147.875;24.3
122;3;600;.;.;.;.;.;1;25;1;2;147.875;24.3
122;4;.;.;.;.;.;.;1;25;1;2;178.596;23.6
122;4;600;2;1;.;.;.;1;25;1;2;178.596;23.6
122;7;.;.;.;.;.;.;1;25;1;2;271.4835;23.5
122;7;600;1;1;.;.;.;1;25;1;2;271.4835;23.5
122;9;.;.;.;.;.;.;1;25;1;2;271.4835;23.4
122;9;575;1;1;.;.;.;1;25;1;2;271.4835;23.4
122;10.20833333;.;.;.;828;1;.;1;25;1;2;271.4835;23.4
122;11;.;.;.;.;.;.;1;25;1;2;306.5605;22.8
122;11;575;2;1;.;.;.;1;25;1;2;306.5605;22.8
122;14;.;.;.;.;.;.;1;25;1;2;350.4125;24.6
122;14;625;1;1;.;.;.;1;25;1;2;350.4125;24.6
122;16;.;.;.;.;.;.;1;25;1;2;358.706;23.5
122;16;600;.;.;.;.;.;1;25;1;2;358.706;23.5
122;16.04097222;.;.;.;3540;1;.;1;25;1;2;358.706;23.5
122;18;.;.;.;.;.;.;1;25;1;2;384.592;22.6
122;21;.;.;.;.;.;.;1;25;1;2;491.8625;21
122;23;.;.;.;.;.;.;1;25;1;2;536.9875;21.2
122;25;.;.;.;.;.;.;1;25;1;2;620;21.8
122;28;.;.;.;.;.;.;1;25;1;2;723.168;21.7
122;30;.;.;.;.;.;.;1;25;1;2;742.5625;22.1
129;0;.;.;.;.;.;.;1;25;1;2;75.429;27.6
129;2;.;.;.;.;.;.;1;25;1;2;119.164;28.8
129;3;725;.;.;.;.;.;1;25;1;2;119.164;28.8
129;4;.;.;.;.;.;.;1;25;1;2;138.384;29
129;4;725;2;1;.;.;.;1;25;1;2;138.384;29
129;7;.;.;.;.;.;.;1;25;1;2;148.8375;28.4
129;7;700;1;1;.;.;.;1;25;1;2;148.8375;28.4
129;9;.;.;.;.;.;.;1;25;1;2;160.7445;27.5
129;9;700;1;1;.;.;.;1;25;1;2;160.7445;27.5
129;10.10347222;.;.;.;2270;1;.;1;25;1;2;160.7445;27.5
129;11;.;.;.;.;.;.;1;25;1;2;204.723;26.5
129;11;675;2;1;.;.;.;1;25;1;2;204.723;26.5
129;14;.;.;.;.;.;.;1;25;1;2;253.125;28.2
129;14;700;1;1;.;.;.;1;25;1;2;253.125;28.2
129;16;.;.;.;.;.;.;1;25;1;2;226.845;27.9
129;16;700;.;.;.;.;.;1;25;1;2;226.845;27.9
129;16.20972222;.;.;.;1070;1;.;1;25;1;2;226.845;27.9
129;18;.;.;.;.;.;.;1;25;1;2;262.848;27.5
129;21;.;.;.;.;.;.;1;25;1;2;412.5105;28.2
129;23;.;.;.;.;.;.;1;25;1;2;523.45;29
129;25;.;.;.;.;.;.;1;25;1;2;571.392;29.1
129;28;.;.;.;.;.;.;1;25;1;2;746.496;30.2
129;30;.;.;.;.;.;.;1;25;1;2;760.384;30
163;0;.;.;.;.;.;.;1;25;1;2;60.025;24
163;2;.;.;.;.;.;.;1;25;1;2;78.03;25.1
163;3;625;.;.;.;.;.;1;25;1;2;78.03;25.1
163;4;.;.;.;.;.;.;1;25;1;2;127.8;24.4
163;4;600;2;1;.;.;.;1;25;1;2;127.8;24.4
163;7;.;.;.;.;.;.;1;25;1;2;119.422;24.6
163;7;625;1;1;.;.;.;1;25;1;2;119.422;24.6
163;9;.;.;.;.;.;.;1;25;1;2;117.74;24.6
163;9;625;1;1;.;.;.;1;25;1;2;117.74;24.6
163;10.41527778;.;.;.;1350;1;.;1;25;1;2;117.74;23.4
163;11;.;.;.;.;.;.;1;25;1;2;135;23.4
163;11;575;2;1;.;.;.;1;25;1;2;135;23.4
163;14;.;.;.;.;.;.;1;25;1;2;171.1125;24
163;14;600;1;1;.;.;.;1;25;1;2;171.1125;24
163;16;.;.;.;.;.;.;1;25;1;2;119.422;23.5
163;16;600;.;.;.;.;.;1;25;1;2;119.422;23.5
163;16.01111111;.;.;.;3140;1;.;1;25;1;2;119.422;23.5
163;18;.;.;.;.;.;.;1;25;1;2;140.306;23.6
163;21;.;.;.;.;.;.;1;25;1;2;194.0785;24
163;23;.;.;.;.;.;.;1;25;1;2;190.7825;24
163;25;.;.;.;.;.;.;1;25;1;2;247.7985;25.1
163;28;.;.;.;.;.;.;1;25;1;2;344.4525;24.9
163;30;.;.;.;.;.;.;1;25;1;2;451.497;26
167;0;.;.;.;.;.;.;1;25;1;2;195.201;27
167;2;.;.;.;.;.;.;1;25;1;2;288.8;27.4
167;3;675;.;.;.;.;.;1;25;1;2;288.8;27.4
167;4;.;.;.;.;.;.;1;25;1;2;341.172;27.6
167;4;700;2;1;.;.;.;1;25;1;2;341.172;27.6
167;7;.;.;.;.;.;.;1;25;1;2;569.2445;28.2
167;7;700;1;1;.;.;.;1;25;1;2;569.2445;28.2
167;9;.;.;.;.;.;.;1;25;1;2;600.25;28.3
167;9;700;1;1;.;.;.;1;25;1;2;600.25;28.3
167;11;.;.;.;.;.;.;1;25;1;2;600.25;26.6
167;11;675;2;1;.;.;.;1;25;1;2;600.25;26.6
167;11.00208333;.;.;.;0.952;1;1;1;25;1;2;600.25;26.6
167;14;.;.;.;.;.;.;1;25;1;2;689.0625;26.6
167;14;675;1;1;.;.;.;1;25;1;2;689.0625;26.6
167;16;.;.;.;.;.;.;1;25;1;2;817.216;27.4
167;16;675;.;.;.;.;.;1;25;1;2;817.216;27.4
167;16.02291667;.;.;.;3000;1;.;1;25;1;2;817.216;27.4
167;18;.;.;.;.;.;.;1;25;1;2;970.0285;26.8
167;21;.;.;.;.;.;.;1;25;1;2;1094.4;28.7
167;23;.;.;.;.;.;.;1;25;1;2;1284.4;28.5
167;25;.;.;.;.;.;.;1;25;1;2;1428.768;29.2
167;28;.;.;.;.;.;.;1;25;1;2;1414.485;29.6
167;30;.;.;.;.;.;.;1;25;1;2;2083.401;28.9
31;0;.;.;.;.;.;.;1;6.25;1;2;164.152;27
31;2;.;.;.;.;.;.;1;6.25;1;2;191.558;21.1
31;3;131.25;.;.;.;.;.;1;6.25;1;2;191.558;21.1
31;4;.;.;.;.;.;.;1;6.25;1;2;451.25;25.4
31;4;156.25;2;1;.;.;.;1;6.25;1;2;451.25;25.4
31;7;.;.;.;.;.;.;1;6.25;1;2;478.325;25.5
31;7;162.5;1;1;.;.;.;1;6.25;1;2;478.325;25.5
31;9;.;.;.;.;.;.;1;6.25;1;2;487.35;26.8
31;9;168.75;1;1;.;.;.;1;6.25;1;2;487.35;26.8
31;10.10347222;.;.;.;848;1;.;1;6.25;1;2;487.35;25.3
31;11;.;.;.;.;.;.;1;6.25;1;2;568.458;25.3
31;11;156.25;2;1;.;.;.;1;6.25;1;2;568.458;25.3
31;14;.;.;.;.;.;.;1;6.25;1;2;736.622;26.6
31;14;168.75;1;1;.;.;.;1;6.25;1;2;736.622;26.6
31;16;.;.;.;.;.;.;1;6.25;1;2;898.098;27.8
31;16;175;.;.;.;.;.;1;6.25;1;2;898.098;27.8
31;16.04027778;.;.;.;1240;1;.;1;6.25;1;2;898.098;27.8
31;18;.;.;.;.;.;.;1;6.25;1;2;1292.832;27.6
31;21;.;.;.;.;.;.;1;6.25;1;2;1617.408;27.6
31;23;.;.;.;.;.;.;1;6.25;1;2;2056.392;27.7
38;0;.;.;.;.;.;.;1;6.25;1;2;39.5035;27.2
38;2;.;.;.;.;.;.;1;6.25;1;2;84.27;27.3
38;3;168.75;.;.;.;.;.;1;6.25;1;2;84.27;27.3
38;4;.;.;.;.;.;.;1;6.25;1;2;120.6;26.7
38;4;168.75;2;1;.;.;.;1;6.25;1;2;120.6;26.7
38;7;.;.;.;.;.;.;1;6.25;1;2;156.816;26.9
38;7;168.75;1;1;.;.;.;1;6.25;1;2;156.816;26.9
38;9;.;.;.;.;.;.;1;6.25;1;2;202.176;27.1
38;9;168.75;1;1;.;.;.;1;6.25;1;2;202.176;27.1
38;11;.;.;.;.;.;.;1;6.25;1;2;212.544;26.8
38;11;168.75;2;1;.;.;.;1;6.25;1;2;212.544;26.8
38;11;.;.;.;0.952;1;1;1;6.25;1;2;212.544;26.8
38;14;.;.;.;.;.;.;1;6.25;1;2;264.654;27.2
38;14;168.75;1;1;.;.;.;1;6.25;1;2;264.654;27.2
38;16;.;.;.;.;.;.;1;6.25;1;2;322.752;27.1
38;16;168.75;.;.;.;.;.;1;6.25;1;2;322.752;27.1
38;16.10208333;.;.;.;1290;1;.;1;6.25;1;2;322.752;27.1
38;18;.;.;.;.;.;.;1;6.25;1;2;394.944;26.8
38;21;.;.;.;.;.;.;1;6.25;1;2;541.0175;29.1
38;23;.;.;.;.;.;.;1;6.25;1;2;645.048;28.7
38;25;.;.;.;.;.;.;1;6.25;1;2;703.04;28.6
38;28;.;.;.;.;.;.;1;6.25;1;2;805.792;29.3
38;30;.;.;.;.;.;.;1;6.25;1;2;1002.472;30.2
98;0;.;.;.;.;.;.;1;6.25;1;2;183.2985;27.1
98;2;.;.;.;.;.;.;1;6.25;1;2;269.001;28
98;3;175;.;.;.;.;.;1;6.25;1;2;269.001;28
98;4;.;.;.;.;.;.;1;6.25;1;2;374.6655;27
98;4;168.75;2;1;.;.;.;1;6.25;1;2;374.6655;27
98;7;.;.;.;.;.;.;1;6.25;1;2;493.056;26.8
98;7;168.75;1;1;.;.;.;1;6.25;1;2;493.056;26.8
98;9;.;.;.;.;.;.;1;6.25;1;2;587.826;27.2
98;9;168.75;1;1;.;.;.;1;6.25;1;2;587.826;27.2
98;10.20833333;.;.;.;175;1;.;1;6.25;1;2;587.826;25.9
98;11;.;.;.;.;.;.;1;6.25;1;2;696.1365;25.9
98;11;162.5;2;1;.;.;.;1;6.25;1;2;696.1365;25.9
98;14;.;.;.;.;.;.;1;6.25;1;2;780.275;27
98;14;168.75;1;1;.;.;.;1;6.25;1;2;780.275;27
98;16;.;.;.;.;.;.;1;6.25;1;2;886.075;27.5
98;16;175;.;.;.;.;.;1;6.25;1;2;886.075;27.5
98;16.41805556;.;.;.;32.8;1;.;1;6.25;1;2;886.075;27.5
98;18;.;.;.;.;.;.;1;6.25;1;2;932.908;25.7
98;21;.;.;.;.;.;.;1;6.25;1;2;1071.648;25.6
98;23;.;.;.;.;.;.;1;6.25;1;2;1127.1105;26
98;25;.;.;.;.;.;.;1;6.25;1;2;1448.8875;26
98;28;.;.;.;.;.;.;1;6.25;1;2;1467.1125;27.6
98;30;.;.;.;.;.;.;1;6.25;1;2;1618.4;27.6
119;0;.;.;.;.;.;.;1;6.25;1;2;112.0905;22.2
119;2;.;.;.;.;.;.;1;6.25;1;2;149.916;22.3
119;3;137.5;.;.;.;.;.;1;6.25;1;2;149.916;22.3
119;4;.;.;.;.;.;.;1;6.25;1;2;169.984;22.1
119;4;137.5;2;1;.;.;.;1;6.25;1;2;169.984;22.1
119;7;.;.;.;.;.;.;1;6.25;1;2;210.392;21.8
119;7;137.5;1;1;.;.;.;1;6.25;1;2;210.392;21.8
119;9;.;.;.;.;.;.;1;6.25;1;2;235.2;22.8
119;9;143.75;1;1;.;.;.;1;6.25;1;2;235.2;22.8
119;10.04305556;.;.;.;1050;1;.;1;6.25;1;2;235.2;21.1
119;11;.;.;.;.;.;.;1;6.25;1;2;394.944;21.1
119;11;131.25;2;1;.;.;.;1;6.25;1;2;394.944;21.1
119;14;.;.;.;.;.;.;1;6.25;1;2;419.813;21.6
119;14;137.5;1;1;.;.;.;1;6.25;1;2;419.813;21.6
119;16;.;.;.;.;.;.;1;6.25;1;2;423.7735;22.1
119;16;137.5;.;.;.;.;.;1;6.25;1;2;423.7735;22.1
119;16.02222222;.;.;.;1970;1;.;1;6.25;1;2;423.7735;22.1
119;18;.;.;.;.;.;.;1;6.25;1;2;439.6155;21.5
119;21;.;.;.;.;.;.;1;6.25;1;2;459.418;23.3
119;23;.;.;.;.;.;.;1;6.25;1;2;439.002;22.2
119;25;.;.;.;.;.;.;1;6.25;1;2;592.012;22.6
119;28;.;.;.;.;.;.;1;6.25;1;2;877.23;23
119;30;.;.;.;.;.;.;1;6.25;1;2;912.525;23.8
131;0;.;.;.;.;.;.;1;6.25;1;2;104.3625;25.8
131;2;.;.;.;.;.;.;1;6.25;1;2;219.375;26.4
131;3;162.5;.;.;.;.;.;1;6.25;1;2;219.375;26.4
131;4;.;.;.;.;.;.;1;6.25;1;2;298.5255;24.5
131;4;156.25;2;1;.;.;.;1;6.25;1;2;298.5255;24.5
131;7;.;.;.;.;.;.;1;6.25;1;2;518.616;24.8
131;7;156.25;1;1;.;.;.;1;6.25;1;2;518.616;24.8
131;9;.;.;.;.;.;.;1;6.25;1;2;595.448;25.5
131;9;162.5;1;1;.;.;.;1;6.25;1;2;595.448;25.5
131;10.01944444;.;.;.;1290;1;.;1;6.25;1;2;595.448;23.3
131;11;.;.;.;.;.;.;1;6.25;1;2;804.816;23.3
131;11;143.75;2;1;.;.;.;1;6.25;1;2;804.816;23.3
131;14;.;.;.;.;.;.;1;6.25;1;2;896.724;24.5
131;14;156.25;1;1;.;.;.;1;6.25;1;2;896.724;24.5
131;16;.;.;.;.;.;.;1;6.25;1;2;929.214;25
131;16;156.25;.;.;.;.;.;1;6.25;1;2;929.214;25
131;16.01041667;.;.;.;1370;1;.;1;6.25;1;2;929.214;25
131;18;.;.;.;.;.;.;1;6.25;1;2;1111.6385;24.2
131;21;.;.;.;.;.;.;1;6.25;1;2;1360.45;25.8
131;23;.;.;.;.;.;.;1;6.25;1;2;1628.262;25.9
131;25;.;.;.;.;.;.;1;6.25;1;2;1886.466;25.8
139;0;.;.;.;.;.;.;1;6.25;1;2;86.2125;22.7
139;2;.;.;.;.;.;.;1;6.25;1;2;106.1705;23.5
139;3;150;.;.;.;.;.;1;6.25;1;2;106.1705;23.5
139;4;.;.;.;.;.;.;1;6.25;1;2;205.35;22.5
139;4;143.75;2;1;.;.;.;1;6.25;1;2;205.35;22.5
139;7;.;.;.;.;.;.;1;6.25;1;2;355.743;22.6
139;7;143.75;1;1;.;.;.;1;6.25;1;2;355.743;22.6
139;9;.;.;.;.;.;.;1;6.25;1;2;380.7;22.8
139;9;143.75;1;1;.;.;.;1;6.25;1;2;380.7;22.8
139;9.992361111;.;.;.;0.952;1;1;1;6.25;1;2;380.7;22.8
139;11;.;.;.;.;.;.;1;6.25;1;2;405;21.7
139;11;137.5;2;1;.;.;.;1;6.25;1;2;405;21.7
139;14;.;.;.;.;.;.;1;6.25;1;2;643.552;22.9
139;14;143.75;1;1;.;.;.;1;6.25;1;2;643.552;22.9
139;16;.;.;.;.;.;.;1;6.25;1;2;699.84;23.8
139;16;150;.;.;.;.;.;1;6.25;1;2;699.84;23.8
139;16.99375;.;.;.;0.952;1;1;1;6.25;1;2;699.84;23.8
139;18;.;.;.;.;.;.;1;6.25;1;2;810.7;23.4
139;21;.;.;.;.;.;.;1;6.25;1;2;1190.72;24
139;23;.;.;.;.;.;.;1;6.25;1;2;1412.964;23.7
139;25;.;.;.;.;.;.;1;6.25;1;2;1460.9375;24.3
139;28;.;.;.;.;.;.;1;6.25;1;2;2075.7935;23.8
139;30;.;.;.;.;.;.;1;6.25;1;2;2359.742;23.7
161;0;.;.;.;.;.;.;1;6.25;1;2;102.602;24.4
161;2;.;.;.;.;.;.;1;6.25;1;2;119.422;24.8
161;3;156.25;.;.;.;.;.;1;6.25;1;2;119.422;24.8
161;4;.;.;.;.;.;.;1;6.25;1;2;234.476;24.8
161;4;156.25;2;1;.;.;.;1;6.25;1;2;234.476;24.8
161;7;.;.;.;.;.;.;1;6.25;1;2;336.518;25.2
161;7;156.25;1;1;.;.;.;1;6.25;1;2;336.518;25.2
161;9;.;.;.;.;.;.;1;6.25;1;2;489.804;25.7
161;9;162.5;1;1;.;.;.;1;6.25;1;2;489.804;25.7
161;10.01041667;.;.;.;551;1;.;1;6.25;1;2;489.804;23.9
161;11;.;.;.;.;.;.;1;6.25;1;2;608.634;23.9
161;11;150;2;1;.;.;.;1;6.25;1;2;608.634;23.9
161;14;.;.;.;.;.;.;1;6.25;1;2;634.644;25.5
161;14;162.5;1;1;.;.;.;1;6.25;1;2;634.644;25.5
161;15.99791667;.;.;.;0.952;1;1;1;6.25;1;2;634.644;26.1
161;16;.;.;.;.;.;.;1;6.25;1;2;810.7;26.1
161;16;162.5;.;.;.;.;.;1;6.25;1;2;810.7;26.1
161;18;.;.;.;.;.;.;1;6.25;1;2;912.525;25.4
161;21;.;.;.;.;.;.;1;6.25;1;2;1320.3125;27
161;23;.;.;.;.;.;.;1;6.25;1;2;1391.868;26.3
161;25;.;.;.;.;.;.;1;6.25;1;2;1639.1385;26.6
161;28;.;.;.;.;.;.;1;6.25;1;2;1912.779;27.6
161;30;.;.;.;.;.;.;1;6.25;1;2;2156.544;27.8
162;0;.;.;.;.;.;.;1;6.25;1;2;103.488;25.6
162;2;.;.;.;.;.;.;1;6.25;1;2;130.977;26.1
162;3;162.5;.;.;.;.;.;1;6.25;1;2;130.977;26.1
162;4;.;.;.;.;.;.;1;6.25;1;2;153.6;25.2
162;4;156.25;2;1;.;.;.;1;6.25;1;2;153.6;25.2
162;7;.;.;.;.;.;.;1;6.25;1;2;220.32;24.3
162;7;150;1;1;.;.;.;1;6.25;1;2;220.32;24.3
162;9;.;.;.;.;.;.;1;6.25;1;2;220.32;24.5
162;9;156.25;1;1;.;.;.;1;6.25;1;2;220.32;24.5
162;10.41180556;.;.;.;55.7;1;.;1;6.25;1;2;220.32;22.6
162;11;.;.;.;.;.;.;1;6.25;1;2;237.1405;22.6
162;11;143.75;2;1;.;.;.;1;6.25;1;2;237.1405;22.6
162;14;.;.;.;.;.;.;1;6.25;1;2;288.99;24
162;14;150;1;1;.;.;.;1;6.25;1;2;288.99;24
162;16;.;.;.;.;.;.;1;6.25;1;2;336;24.7
162;16;156.25;.;.;.;.;.;1;6.25;1;2;336;24.7
162;16.2125;.;.;.;107;1;.;1;6.25;1;2;336;24.7
162;18;.;.;.;.;.;.;1;6.25;1;2;336;23.4
162;21;.;.;.;.;.;.;1;6.25;1;2;490.398;24.2
162;23;.;.;.;.;.;.;1;6.25;1;2;425.27;24.5
162;25;.;.;.;.;.;.;1;6.25;1;2;432.666;24.5
162;28;.;.;.;.;.;.;1;6.25;1;2;585;25.3
162;30;.;.;.;.;.;.;1;6.25;1;2;651.7665;25.9
